id	molecularFormula	adduct	NPC#pathway	NPC#pathway Probability	NPC#superclass	NPC#superclass Probability	NPC#class	NPC#class Probability	ClassyFire#most specific class	ClassyFire#most specific class Probability	ClassyFire#level 5	ClassyFire#level 5 Probability	ClassyFire#subclass	ClassyFire#subclass Probability	ClassyFire#class	ClassyFire#class Probability	ClassyFire#superclass	ClassyFire#superclass probability	ClassyFire#all classifications
16_200929_Poo_TruePooMortality_DDAneg_16	C7H16N5O2	[M - H]-	Amino acids and Peptides	0.7943935394287109	Small peptides	0.87031090259552	Aminoacids	0.6984931826591492	Alanine and derivatives	0.6247261166572571	Amino acids and derivatives	0.9671790599822998	Amino acids, peptides, and analogues	0.9686314463615417	Carboxylic acids and derivatives	0.9978088736534119	Organic acids and derivatives	0.9993507266044617	Organic compounds; Amino acids, peptides, and analogues; Alpha amino acids and derivatives; Organic acids and derivatives; Carboxylic acids and derivatives; Organonitrogen compounds; Organooxygen compounds; Amino acids and derivatives; Guanidines; Monoalkylamines; Monocarboxylic acids and derivatives; Carboxylic acids; Carbonyl compounds; Amines; Primary amines; Carboximidamides; Organic 1,3-dipolar compounds; Propargyl-type 1,3-dipolar organic compounds; Organic oxides; Hydrocarbon derivatives; Amino acids; Alanine and derivatives; Organopnictogen compounds; Organic oxygen compounds; Organic nitrogen compounds; Chemical entities
11_200929_Poo_TruePooMortality_DDAneg_11	C10H22N5O2	[M - H]-	Amino acids and Peptides	0.7354580760002136	Small peptides	0.7742810249328613	Aminoacids	0.5624716877937317	Alpha amino acids and derivatives	0.8427886962890625	Amino acids and derivatives	0.9742154479026794	Amino acids, peptides, and analogues	0.9769657254219055	Carboxylic acids and derivatives	0.9978935122489929	Organic acids and derivatives	0.9995607733726501	Organic compounds; Organoheterocyclic compounds; Lipids and lipid-like molecules; Amino acids, peptides, and analogues; Alpha amino acids and derivatives; Fatty acids and conjugates; Organic acids and derivatives; Carboxylic acids and derivatives; Organonitrogen compounds; Organooxygen compounds; Branched fatty acids; Amino acids and derivatives; Guanidines; Azoles; Monoalkylamines; Monocarboxylic acids and derivatives; Carboxylic acids; Imidazolyl carboxylic acids and derivatives; Carbonyl compounds; Substituted imidazoles; Amines; Primary amines; Carboximidamides; Organic 1,3-dipolar compounds; Propargyl-type 1,3-dipolar organic compounds; Fatty Acyls; Organic oxides; Azacyclic compounds; Heteroaromatic compounds; Hydrocarbon derivatives; Amino acids; Organopnictogen compounds; Organic oxygen compounds; Organic nitrogen compounds; Chemical entities
21_200929_Poo_TruePooMortality_DDAneg_21	C8H18N5O3	[M - H]-	Amino acids and Peptides	0.8745460510253906	Small peptides	0.9277679920196533	Dipeptides	0.9971922039985657	Dipeptides	0.9596312642097473	Peptides	0.9813080430030823	Amino acids, peptides, and analogues	0.9987377524375916	Carboxylic acids and derivatives	0.9997895359992981	Organic acids and derivatives	0.99997878074646	Organic compounds; Lipids and lipid-like molecules; Amino acids, peptides, and analogues; Alpha amino acids and derivatives; Alcohols and polyols; Fatty acids and conjugates; Organic acids and derivatives; Carboxylic acids and derivatives; Organonitrogen compounds; Organooxygen compounds; Fatty amides; Branched fatty acids; Hydroxy fatty acids; Amino acids and derivatives; Peptides; Guanidines; Monoalkylamines; Carboxylic acid amides; Carboxylic acid derivatives; N-acyl amines; Monocarboxylic acids and derivatives; N-acyl-alpha amino acids and derivatives; Carboxylic acids; Secondary alcohols; Secondary carboxylic acid amides; Carbonyl compounds; Alpha amino acid amides; N-acyl-alpha amino acids; Amines; Primary amines; Carboximidamides; Fatty Acyls; Organic oxides; Hydrocarbon derivatives; Amino acids; Organopnictogen compounds; Organic oxygen compounds; Organic nitrogen compounds; Dipeptides; Chemical entities
12_200929_Poo_TruePooMortality_DDAneg_12	C9H20N5O2	[M - H]-	Amino acids and Peptides	0.8090497255325317	Small peptides	0.8621973991394043	Dipeptides	0.8609983325004578	Valine and derivatives	0.7156293988227844	Amino acids and derivatives	0.9953488707542419	Amino acids, peptides, and analogues	0.9960148334503174	Carboxylic acids and derivatives	0.9988468885421753	Organic acids and derivatives	0.9998422861099243	Organic compounds; Lipids and lipid-like molecules; Amino acids, peptides, and analogues; Alpha amino acids and derivatives; Fatty acids and conjugates; Organic acids and derivatives; Carboxylic acids and derivatives; Organonitrogen compounds; Organooxygen compounds; Branched fatty acids; Amino acids and derivatives; Monoalkylamines; Monocarboxylic acids and derivatives; Carboxylic acids; Carbonyl compounds; Amines; Primary amines; Methyl-branched fatty acids; Fatty Acyls; Organic oxides; Hydrocarbon derivatives; Amino acids; Valine and derivatives; Organopnictogen compounds; Organic oxygen compounds; Organic nitrogen compounds; Chemical entities
26_200929_Poo_TruePooMortality_DDAneg_26	C8H17N7O2	[M + Cl]-	Amino acids and Peptides	0.8042313456535339	Small peptides	0.8145540952682495	Dipeptides	0.9534378051757812	Dipeptides	0.5137616991996765	Peptides	0.8323468565940857	Amino acids, peptides, and analogues	0.9990177154541016	Carboxylic acids and derivatives	0.9993600249290466	Organic acids and derivatives	0.9998922348022461	Organic compounds; Lipids and lipid-like molecules; Amino acids, peptides, and analogues; Alpha amino acids and derivatives; Organic acids and derivatives; Carboxylic acids and derivatives; Organonitrogen compounds; Organooxygen compounds; Fatty amides; Amino acids and derivatives; Peptides; Guanidines; Monoalkylamines; Carboxylic acid amides; Carboxylic acid derivatives; N-acyl amines; N-acyl-alpha amino acids and derivatives; Carboxylic acids; Primary carboxylic acid amides; Secondary carboxylic acid amides; Carbonyl compounds; Alpha amino acid amides; N-acyl-alpha amino acids; Amines; Primary amines; Carboximidamides; Organic 1,3-dipolar compounds; Propargyl-type 1,3-dipolar organic compounds; Fatty Acyls; Organic oxides; Hydrocarbon derivatives; Asparagine and derivatives; Organopnictogen compounds; Organic oxygen compounds; Organic nitrogen compounds; Dipeptides; Chemical entities
2_200929_Poo_TruePooMortality_DDAneg_2	C4H14N5OPS	[M - H]-	Alkaloids	0.6238758563995361	Lysine alkaloids	0.5142117142677307	Aminoacids	0.22286412119865417	Azacyclic compounds	0.944909930229187					Azacyclic compounds	0.944909930229187	Organoheterocyclic compounds	0.9191699624061584	Organic compounds; Organoheterocyclic compounds; Organic acids and derivatives; Organonitrogen compounds; Organic oxides; Azacyclic compounds; Hydrocarbon derivatives; Organic oxygen compounds; Organic nitrogen compounds; Chemical entities
13_200929_Poo_TruePooMortality_DDAneg_13	C9H20N5O2	[M - H]-	Amino acids and Peptides	0.773725152015686	Small peptides	0.8158348202705383	Aminoacids	0.6619243025779724	Alpha amino acids	0.5424481630325317	Amino acids and derivatives	0.9945196509361267	Amino acids, peptides, and analogues	0.9950991272926331	Carboxylic acids and derivatives	0.9982178807258606	Organic acids and derivatives	0.9996742010116577	Organic compounds; Organoheterocyclic compounds; Lipids and lipid-like molecules; Amino acids, peptides, and analogues; Alpha amino acids and derivatives; Fatty acids and conjugates; Organic acids and derivatives; Carboxylic acids and derivatives; Organonitrogen compounds; Organooxygen compounds; Branched fatty acids; Amino acids and derivatives; Monoalkylamines; Monocarboxylic acids and derivatives; Carboxylic acids; Carbonyl compounds; Substituted imidazoles; Alpha amino acids; Amines; Primary amines; Fatty Acyls; Organic oxides; Azacyclic compounds; Hydrocarbon derivatives; Amino acids; Valine and derivatives; Organopnictogen compounds; Organic oxygen compounds; Organic nitrogen compounds; Chemical entities
10_200929_Poo_TruePooMortality_DDAneg_10	C10H22N5O2	[M - H]-	Amino acids and Peptides	0.7734984755516052	Small peptides	0.8277768492698669	Dipeptides	0.8319723010063171	N-acyl-alpha amino acids and derivatives	0.575019359588623	Amino acids and derivatives	0.9766989946365356	Amino acids, peptides, and analogues	0.9795620441436768	Carboxylic acids and derivatives	0.9983388185501099	Organic acids and derivatives	0.9996336698532104	Organic compounds; Lipids and lipid-like molecules; Amino acids, peptides, and analogues; Alpha amino acids and derivatives; Fatty acids and conjugates; Organic acids and derivatives; Carboxylic acids and derivatives; Organonitrogen compounds; Organooxygen compounds; Branched fatty acids; Amino acids and derivatives; Guanidines; Monoalkylamines; N-acyl amines; Monocarboxylic acids and derivatives; N-acyl-alpha amino acids and derivatives; Carboxylic acids; Carbonyl compounds; Amines; Primary amines; Carboximidamides; Organic 1,3-dipolar compounds; Propargyl-type 1,3-dipolar organic compounds; Fatty Acyls; Organic oxides; Hydrocarbon derivatives; Amino acids; Leucine and derivatives; Organopnictogen compounds; Organic oxygen compounds; Organic nitrogen compounds; Chemical entities
22_200929_Poo_TruePooMortality_DDAneg_22	C10H14N5O3	[M - H]-	Amino acids and Peptides	0.679039478302002	Small peptides	0.7410662770271301	Dipeptides	0.8879556059837341	Peptides	0.6637257933616638	Peptides	0.6637257933616638	Amino acids, peptides, and analogues	0.9437313675880432	Carboxylic acids and derivatives	0.9243549704551697	Organic acids and derivatives	0.9816307425498962	Organic compounds; Amino acids, peptides, and analogues; Alpha amino acids and derivatives; Alcohols and polyols; Phenethylamines; Amphetamines and derivatives; Organic acids and derivatives; Carboxylic acids and derivatives; Organonitrogen compounds; Primary alcohols; Organooxygen compounds; Amino acids and derivatives; Peptides; Monoalkylamines; Carboxylic acid amides; Carboxylic acid derivatives; N-acyl-alpha amino acids and derivatives; Secondary carboxylic acid amides; Carbonyl compounds; Benzene and substituted derivatives; Alpha amino acid amides; Benzenoids; Amines; Primary amines; Organic oxides; Hydrocarbon derivatives; Serine and derivatives; Phenylalanine and derivatives; Organopnictogen compounds; Organic oxygen compounds; Organic nitrogen compounds; Chemical entities
17_200929_Poo_TruePooMortality_DDAneg_17	C11H6N4O	[M - H]-	Alkaloids	0.7825818657875061	Anthranilic acid alkaloids	0.5636166930198669	Quinazoline alkaloids	0.3195638060569763	Benzodiazines	0.519317090511322			Benzodiazines	0.519317090511322	Diazanaphthalenes	0.5623043775558472	Organoheterocyclic compounds	0.9988933205604553	Organic compounds; Organoheterocyclic compounds; Pyrimidines and pyrimidine derivatives; Lactams; Organonitrogen compounds; Organooxygen compounds; Diazines; Benzenoids; Organic oxides; Azacyclic compounds; Heteroaromatic compounds; Hydrocarbon derivatives; Organopnictogen compounds; Organic oxygen compounds; Organic nitrogen compounds; Diazanaphthalenes; Benzodiazines; Chemical entities
23_200929_Poo_TruePooMortality_DDAneg_23	C6H14N5O2	[M - H]-	Amino acids and Peptides	0.6073936223983765	Small peptides	0.6753813624382019	Aminoacids	0.633575975894928	Alpha amino acids and derivatives	0.8234822750091553	Amino acids and derivatives	0.8965471386909485	Amino acids, peptides, and analogues	0.9004576802253723	Carboxylic acids and derivatives	0.9664801359176636	Organic acids and derivatives	0.9861848950386047	Organic compounds; Amino acids, peptides, and analogues; Alpha amino acids and derivatives; Organic acids and derivatives; Carboxylic acids and derivatives; Organonitrogen compounds; Organooxygen compounds; Amino acids and derivatives; Guanidines; Monocarboxylic acids and derivatives; Carboxylic acids; Carbonyl compounds; Amines; Carboximidamides; Organic 1,3-dipolar compounds; Propargyl-type 1,3-dipolar organic compounds; Organic oxides; Hydrocarbon derivatives; Amino acids; Organopnictogen compounds; Organic oxygen compounds; Organic nitrogen compounds; Chemical entities
32_200929_Poo_TruePooMortality_DDAneg_32	CH5N4O3S	[M - H]-	Amino acids and Peptides	0.6384825706481934	Small peptides	0.6488451957702637	Aminoacids	0.6242223978042603	Alkanesulfonic acids	0.8393638134002686	Alkanesulfonic acids and derivatives	0.8220669031143188	Organosulfonic acids and derivatives	0.8402553796768188	Organic sulfonic acids and derivatives	0.8415190577507019	Organic acids and derivatives	0.9949670433998108	Organic compounds; Organosulfur compounds; Organic acids and derivatives; Organosulfonic acids and derivatives; Organonitrogen compounds; Sulfonyls; Organosulfonic acids; Alkanesulfonic acids and derivatives; Alkanesulfonic acids; Organic oxides; Hydrocarbon derivatives; Organic sulfonic acids and derivatives; Organic oxygen compounds; Organic nitrogen compounds; Chemical entities
18_200929_Poo_TruePooMortality_DDAneg_18	C7H8N7O2	[M - H]-	Alkaloids	0.8298625946044922	Pseudoalkaloids	0.6274042129516602	Purine alkaloids	0.5838565230369568	Alkaloids and derivatives	0.5161733031272888							Alkaloids and derivatives	0.5161733031272888	Organic compounds; Organoheterocyclic compounds; Pyrimidines and pyrimidine derivatives; Lactams; Organic acids and derivatives; Organonitrogen compounds; Alkaloids and derivatives; Pyrimidones; Organooxygen compounds; Organic carbonic acids and derivatives; Azoles; Ureas; Aminopyrimidines and derivatives; Diazines; Amines; Primary amines; Vinylogous amides; Organic oxides; Azacyclic compounds; Heteroaromatic compounds; Hydrocarbon derivatives; Organopnictogen compounds; Organic oxygen compounds; Organic nitrogen compounds; Chemical entities
25_200929_Poo_TruePooMortality_DDAneg_25	C7H16N5O3	[M - H]-	Amino acids and Peptides	0.815540075302124	Small peptides	0.8850022554397583	Dipeptides	0.41689038276672363	Peptides	0.6610702872276306	Peptides	0.6610702872276306	Amino acids, peptides, and analogues	0.9902390241622925	Carboxylic acids and derivatives	0.9966613054275513	Organic acids and derivatives	0.9990629553794861	Organic compounds; Amino acids, peptides, and analogues; Alpha amino acids and derivatives; Alcohols and polyols; Organic acids and derivatives; Carboxylic acids and derivatives; Organonitrogen compounds; Primary alcohols; Organooxygen compounds; Amino acids and derivatives; Peptides; Guanidines; Monoalkylamines; Hydroxy acids and derivatives; Carboxylic acid amides; Carboxylic acid derivatives; Monocarboxylic acids and derivatives; N-acyl-alpha amino acids and derivatives; Carboxylic acids; Secondary carboxylic acid amides; Beta hydroxy acids and derivatives; Carbonyl compounds; N-acyl-alpha amino acids; Amines; Primary amines; Organic oxides; Hydrocarbon derivatives; Amino acids; Serine and derivatives; Organopnictogen compounds; Organic oxygen compounds; Organic nitrogen compounds; Chemical entities
14_200929_Poo_TruePooMortality_DDAneg_14	C9H8N4O3	[M - H]-	Alkaloids	0.8457524180412292	Pseudoalkaloids	0.5388478636741638	pteridine alkaloids	0.6026184558868408	Pteridines and derivatives	0.7351212501525879					Pteridines and derivatives	0.7351212501525879	Organoheterocyclic compounds	0.9999147653579712	Organic compounds; Organoheterocyclic compounds; Pyrazines; Pyrimidines and pyrimidine derivatives; Pteridines and derivatives; Lactams; Organic acids and derivatives; Organonitrogen compounds; Pyrimidones; Organooxygen compounds; Organic carbonic acids and derivatives; Ureas; Diazines; Vinylogous amides; Organic oxides; Azacyclic compounds; Heteroaromatic compounds; Hydrocarbon derivatives; Organopnictogen compounds; Organic oxygen compounds; Organic nitrogen compounds; Chemical entities
33_200929_Poo_TruePooMortality_DDAneg_33	CH5N4O3S	[M - H]-	Amino acids and Peptides	0.6422654986381531	Small peptides	0.6600897312164307	Aminoacids	0.6282051801681519	Alkanesulfonic acids	0.806056022644043	Alkanesulfonic acids and derivatives	0.7978235483169556	Organosulfonic acids and derivatives	0.8112224340438843	Organic sulfonic acids and derivatives	0.8125749826431274	Organic acids and derivatives	0.9923823475837708	Organic compounds; Organosulfur compounds; Organic acids and derivatives; Organosulfonic acids and derivatives; Organonitrogen compounds; Sulfonyls; Organosulfonic acids; Alkanesulfonic acids and derivatives; Alkanesulfonic acids; Organic oxides; Hydrocarbon derivatives; Organic sulfonic acids and derivatives; Organic oxygen compounds; Organic nitrogen compounds; Chemical entities
5_200929_Poo_TruePooMortality_DDAneg_5	C14H12BNP2S4	[M - H]-	Fatty acids	0.505918025970459	Fatty acyls	0.3935605585575104	Fatty alcohols	0.20335441827774048	Benzene and substituted derivatives	0.6963474750518799					Benzene and substituted derivatives	0.6963474750518799	Benzenoids	0.8942306637763977	Organic compounds; Organosulfur compounds; Organic acids and derivatives; Organophosphorus compounds; Organothiophosphorus compounds; Benzene and substituted derivatives; Benzenoids; Sulfenyl compounds; Organic salts; Organic metalloid salts; Organic metal salts; Hydrocarbon derivatives; Chemical entities
27_200929_Poo_TruePooMortality_DDAneg_27	C9H19N7O2	[M + Cl]-	Amino acids and Peptides	0.701032280921936	Small peptides	0.8264008164405823	Dipeptides	0.7606911659240723	Dipeptides	0.8774538636207581	Peptides	0.8934069871902466	Amino acids, peptides, and analogues	0.9893404841423035	Carboxylic acids and derivatives	0.9835028052330017	Organic acids and derivatives	0.997657299041748	Organic compounds; Lipids and lipid-like molecules; Amino acids, peptides, and analogues; Alpha amino acids and derivatives; Organic acids and derivatives; Carboxylic acids and derivatives; Organonitrogen compounds; Organooxygen compounds; Fatty amides; Amino acids and derivatives; Peptides; Guanidines; Monoalkylamines; Carboxylic acid amides; Carboxylic acid derivatives; N-acyl amines; N-acyl-alpha amino acids and derivatives; Primary carboxylic acid amides; Secondary carboxylic acid amides; Carbonyl compounds; Alpha amino acid amides; Amines; Primary amines; Carboximidamides; Organic 1,3-dipolar compounds; Propargyl-type 1,3-dipolar organic compounds; Fatty Acyls; Organic oxides; Hydrocarbon derivatives; Organopnictogen compounds; Organic oxygen compounds; Nitroguanidines; Organic nitrogen compounds; Dipeptides; Chemical entities
19_200929_Poo_TruePooMortality_DDAneg_19	C7H8N7O2	[M - H]-	Alkaloids	0.8377333879470825	Pseudoalkaloids	0.6584955453872681	pteridine alkaloids	0.5709453821182251	Pteridines and derivatives	0.5033010840415955					Pteridines and derivatives	0.5033010840415955	Organoheterocyclic compounds	0.9993746876716614	Organic compounds; Organoheterocyclic compounds; Pyrimidines and pyrimidine derivatives; Pteridines and derivatives; Organic acids and derivatives; Organonitrogen compounds; Pyrimidones; Organooxygen compounds; Diazines; Amines; Vinylogous amides; Organic oxides; Azacyclic compounds; Heteroaromatic compounds; Hydrocarbon derivatives; Organopnictogen compounds; Organic oxygen compounds; Organic nitrogen compounds; Chemical entities
34_200929_Poo_TruePooMortality_DDAneg_34	CH5N4O3S	[M - H]-	Amino acids and Peptides	0.6421324014663696	Small peptides	0.6592739224433899	Aminoacids	0.6233305335044861	Alkanesulfonic acids	0.6561836004257202	Alkanesulfonic acids and derivatives	0.6782013177871704	Organosulfonic acids and derivatives	0.7485828399658203	Organic sulfonic acids and derivatives	0.7503130435943604	Organic acids and derivatives	0.9889469742774963	Organic compounds; Organosulfur compounds; Organic acids and derivatives; Organosulfonic acids and derivatives; Organonitrogen compounds; Sulfonyls; Organosulfonic acids; Alkanesulfonic acids and derivatives; Alkanesulfonic acids; Organic oxides; Hydrocarbon derivatives; Organic sulfonic acids and derivatives; Organic oxygen compounds; Organic nitrogen compounds; Chemical entities
20_200929_Poo_TruePooMortality_DDAneg_20	C8H18N5O3	[M - H]-	Amino acids and Peptides	0.8007678985595703	Small peptides	0.869316816329956	Dipeptides	0.9707698822021484	Dipeptides	0.652229905128479	Peptides	0.8521811366081238	Amino acids, peptides, and analogues	0.9922890067100525	Carboxylic acids and derivatives	0.9981922507286072	Organic acids and derivatives	0.9998125433921814	Organic compounds; Lipids and lipid-like molecules; Amino acids, peptides, and analogues; Alpha amino acids and derivatives; Alcohols and polyols; Fatty acids and conjugates; Organic acids and derivatives; Carboxylic acids and derivatives; Organonitrogen compounds; Organooxygen compounds; Fatty amides; Branched fatty acids; Hydroxy fatty acids; Amino acids and derivatives; Peptides; Guanidines; Monoalkylamines; Carboxylic acid amides; Carboxylic acid derivatives; N-acyl amines; Monocarboxylic acids and derivatives; N-acyl-alpha amino acids and derivatives; Carboxylic acids; Secondary alcohols; Secondary carboxylic acid amides; Carbonyl compounds; Alpha amino acid amides; N-acyl-alpha amino acids; Amines; Primary amines; Carboximidamides; Organic 1,3-dipolar compounds; Fatty Acyls; Organic oxides; Hydrocarbon derivatives; Amino acids; Organopnictogen compounds; Organic oxygen compounds; Organic nitrogen compounds; Dipeptides; Chemical entities
38_200929_Poo_TruePooMortality_DDAneg_38	C7H7NO2	[M - H]-	Amino acids and Peptides	0.563212513923645	Small peptides	0.6894150376319885	Aminoacids	0.677623987197876	1-hydroxy-2-unsubstituted benzenoids	0.6749733090400696			1-hydroxy-2-unsubstituted benzenoids	0.6749733090400696	Phenols	0.6186808347702026	Benzenoids	0.9625992774963379	Organic compounds; Phenols; Organonitrogen compounds; Organooxygen compounds; Benzene and substituted derivatives; Benzenoids; Organic oxides; Hydrocarbon derivatives; Organopnictogen compounds; Organic oxygen compounds; 1-hydroxy-2-unsubstituted benzenoids; Organic nitrogen compounds; Chemical entities
44_200929_Poo_TruePooMortality_DDAneg_44	C2H6N3O4	[M - H]-	Amino acids and Peptides	0.7320170402526855	Small peptides	0.8376919031143188	Aminoacids	0.7881925702095032	Alpha amino acids and derivatives	0.6833088397979736	Amino acids and derivatives	0.811085045337677	Amino acids, peptides, and analogues	0.8130050301551819	Carboxylic acids and derivatives	0.9678494930267334	Organic acids and derivatives	0.98638516664505	Organic compounds; Amino acids, peptides, and analogues; Alpha amino acids and derivatives; Alcohols and polyols; Organic acids and derivatives; Carboxylic acids and derivatives; Organonitrogen compounds; Primary alcohols; Organooxygen compounds; Amino acids and derivatives; Hydroxy acids and derivatives; Monocarboxylic acids and derivatives; Carboxylic acids; Alpha hydroxy acids and derivatives; Carbonyl compounds; Amines; Primary amines; Organic oxides; Hydrocarbon derivatives; Amino acids; Organopnictogen compounds; Organic oxygen compounds; Organic nitrogen compounds; Chemical entities
39_200929_Poo_TruePooMortality_DDAneg_39	C7H7NO2	[M - H]-	Amino acids and Peptides	0.5818883776664734	Small peptides	0.720299482345581	Aminoacids	0.6997377872467041	1-hydroxy-2-unsubstituted benzenoids	0.6652703285217285			1-hydroxy-2-unsubstituted benzenoids	0.6652703285217285	Phenols	0.6083831191062927	Benzenoids	0.9752627015113831	Organic compounds; Phenols; Organonitrogen compounds; Organooxygen compounds; Benzene and substituted derivatives; Benzenoids; Organic oxides; Hydrocarbon derivatives; Organopnictogen compounds; Organic oxygen compounds; 1-hydroxy-2-unsubstituted benzenoids; Organic nitrogen compounds; Chemical entities
48_200929_Poo_TruePooMortality_DDAneg_48	C7H9N4O2	[M - H]-	Amino acids and Peptides	0.9313517808914185	Small peptides	0.9778347015380859	Aminoacids	0.9639605283737183	Tyrosine and derivatives	0.5274839997291565	Amino acids and derivatives	0.9996325969696045	Amino acids, peptides, and analogues	0.9996628761291504	Carboxylic acids and derivatives	0.999832272529602	Organic acids and derivatives	0.9999749660491943	Organic compounds; Amino acids, peptides, and analogues; Alpha amino acids and derivatives; Phenols; Phenethylamines; Amphetamines and derivatives; Phenylpropanoids and polyketides; Organic acids and derivatives; Carboxylic acids and derivatives; Organonitrogen compounds; Organooxygen compounds; Amino acids and derivatives; Monoalkylamines; Monocarboxylic acids and derivatives; Carboxylic acids; Carbonyl compounds; Benzene and substituted derivatives; Alpha amino acids; Benzenoids; Amines; Primary amines; Phenylpropanoic acids; Aralkylamines; Organic oxides; Heteroaromatic compounds; L-alpha-amino acids; Hydrocarbon derivatives; Amino acids; Tyrosine and derivatives; Phenylalanine and derivatives; Organopnictogen compounds; Organic oxygen compounds; Organic nitrogen compounds; Chemical entities
52_200929_Poo_TruePooMortality_DDAneg_52	C9H8N4	[M - H]-	Alkaloids	0.802890956401825	Nicotinic acid alkaloids	0.5291665196418762	Pyridine alkaloids	0.5180910229682922	Aminopyrimidines and derivatives	0.7309355139732361	Aminopyrimidines and derivatives	0.7309355139732361	Pyrimidines and pyrimidine derivatives	0.7037786841392517	Diazines	0.6825461387634277	Organoheterocyclic compounds	0.9999533891677856	Organic compounds; Organoheterocyclic compounds; Pyrimidines and pyrimidine derivatives; Pyridines and derivatives; Organonitrogen compounds; Aminopyrimidines and derivatives; Diazines; Amines; Primary amines; Imidolactams; Azacyclic compounds; Heteroaromatic compounds; Hydrocarbon derivatives; Organopnictogen compounds; Organic nitrogen compounds; Chemical entities
40_200929_Poo_TruePooMortality_DDAneg_40	C5H5N4OP	[M - H]-	Alkaloids	0.6109576225280762	Pseudoalkaloids	0.5381096005439758	Aminoacids	0.5128858089447021	Imidazoles	0.6969960331916809			Imidazoles	0.6969960331916809	Azoles	0.7788457274436951	Organoheterocyclic compounds	0.9699074029922485	Organic compounds; Organoheterocyclic compounds; Imidazoles; Organic acids and derivatives; Organonitrogen compounds; Organophosphorus compounds; Organic phosphonic acids and derivatives; Azoles; Organic phosphonic acids; Amines; Primary amines; Organic oxides; Azacyclic compounds; Heteroaromatic compounds; Hydrocarbon derivatives; Organopnictogen compounds; Organic oxygen compounds; Organic nitrogen compounds; Chemical entities
49_200929_Poo_TruePooMortality_DDAneg_49	C7H9N4O2	[M - H]-	Amino acids and Peptides	0.9196241497993469	Small peptides	0.9732229709625244	Aminoacids	0.9605340361595154	Tyrosine and derivatives	0.6216623783111572	Amino acids and derivatives	0.9997887015342712	Amino acids, peptides, and analogues	0.9998053908348083	Carboxylic acids and derivatives	0.9999088048934937	Organic acids and derivatives	0.9999866485595703	Organic compounds; Organoheterocyclic compounds; Amino acids, peptides, and analogues; Alpha amino acids and derivatives; Phenols; Phenethylamines; Amphetamines and derivatives; Phenylpropanoids and polyketides; Organic acids and derivatives; Carboxylic acids and derivatives; Organonitrogen compounds; Organooxygen compounds; Amino acids and derivatives; Azoles; Monoalkylamines; Monocarboxylic acids and derivatives; Carboxylic acids; Imidazolyl carboxylic acids and derivatives; Carbonyl compounds; Benzene and substituted derivatives; Substituted imidazoles; Alpha amino acids; Benzenoids; Amines; Primary amines; Phenylpropanoic acids; Aralkylamines; Organic oxides; Azacyclic compounds; Heteroaromatic compounds; L-alpha-amino acids; Hydrocarbon derivatives; Amino acids; Tyrosine and derivatives; Phenylalanine and derivatives; Organopnictogen compounds; Organic oxygen compounds; 1-hydroxy-2-unsubstituted benzenoids; Organic nitrogen compounds; Chemical entities
28_200929_Poo_TruePooMortality_DDAneg_28	C11H21N3O4	[M - H]-	Amino acids and Peptides	0.9434045553207397	Small peptides	0.9794678092002869	Dipeptides	0.9999940395355225	Dipeptides	0.9999514818191528	Peptides	0.9999784231185913	Amino acids, peptides, and analogues	0.9999985694885254	Carboxylic acids and derivatives	0.9999991655349731	Organic acids and derivatives	0.9999998807907104	Organic compounds; Lipids and lipid-like molecules; Amino acids, peptides, and analogues; Alpha amino acids and derivatives; Fatty acids and conjugates; Organic acids and derivatives; Carboxylic acids and derivatives; Organonitrogen compounds; Organooxygen compounds; Fatty amides; Branched fatty acids; Amino acids and derivatives; Peptides; Monoalkylamines; Carboxylic acid amides; Carboxylic acid derivatives; N-acyl amines; Monocarboxylic acids and derivatives; N-acyl-alpha amino acids and derivatives; Carboxylic acids; Primary carboxylic acid amides; Secondary carboxylic acid amides; Carbonyl compounds; Alpha amino acid amides; N-acyl-alpha amino acids; Amines; Primary amines; Methyl-branched fatty acids; Fatty Acyls; Organic oxides; Hydrocarbon derivatives; Amino acids; Glutamine and derivatives; Leucine and derivatives; Isoleucine and derivatives; Organopnictogen compounds; Organic oxygen compounds; Organic nitrogen compounds; Dipeptides; Chemical entities
54_200929_Poo_TruePooMortality_DDAneg_54	C6H4N3O3	[M - H]-	Alkaloids	0.6295049786567688	Pseudoalkaloids	0.5217261910438538	pteridine alkaloids	0.3042318820953369	Pyrazine carboxylic acids	0.58116614818573	Pyrazine carboxylic acids and derivatives	0.3988174498081207	Pyrazines	0.3075810670852661	Diazines	0.5474193096160889	Organoheterocyclic compounds	0.9974186420440674	Organic compounds; Organoheterocyclic compounds; Organic acids and derivatives; Carboxylic acids and derivatives; Organonitrogen compounds; Organooxygen compounds; Monocarboxylic acids and derivatives; Carboxylic acids; Diazines; Pyrazine carboxylic acids; Organic oxides; Azacyclic compounds; Heteroaromatic compounds; Hydrocarbon derivatives; Organopnictogen compounds; Organic oxygen compounds; Organic nitrogen compounds; Chemical entities
50_200929_Poo_TruePooMortality_DDAneg_50	C3H7N4O	[M - H]-	Alkaloids	0.595619797706604	Pseudoalkaloids	0.3200688660144806	Aminoacids	0.28982365131378174	Azacyclic compounds	0.9717268347740173					Azacyclic compounds	0.9717268347740173	Organoheterocyclic compounds	0.9807383418083191	Organic compounds; Organoheterocyclic compounds; Organonitrogen compounds; Azacyclic compounds; Hydrocarbon derivatives; Organopnictogen compounds; Organic oxygen compounds; Organic nitrogen compounds; Chemical entities
55_200929_Poo_TruePooMortality_DDAneg_55	C6H4N3O3	[M - H]-	Alkaloids	0.6291810870170593	Pseudoalkaloids	0.5245298147201538	pteridine alkaloids	0.32499247789382935	Pyrazine carboxylic acids	0.642474889755249	Pyrazine carboxylic acids and derivatives	0.4793415665626526	Pyrazines	0.392960786819458	Diazines	0.5331688523292542	Organoheterocyclic compounds	0.9952099919319153	Organic compounds; Organoheterocyclic compounds; Organic acids and derivatives; Carboxylic acids and derivatives; Organonitrogen compounds; Organooxygen compounds; Monocarboxylic acids and derivatives; Carboxylic acids; Diazines; Pyrazine carboxylic acids; Organic oxides; Azacyclic compounds; Heteroaromatic compounds; Hydrocarbon derivatives; Organopnictogen compounds; Organic oxygen compounds; Organic nitrogen compounds; Chemical entities
71_200929_Poo_TruePooMortality_DDAneg_71	C2H5N4O3	[M - H]-	Amino acids and Peptides	0.7955352067947388	Small peptides	0.8996554613113403	Aminoacids	0.8405801057815552	Alpha amino acids and derivatives	0.7204579710960388	Amino acids and derivatives	0.9159917235374451	Amino acids, peptides, and analogues	0.9168710112571716	Carboxylic acids and derivatives	0.9876219630241394	Organic acids and derivatives	0.9971500039100647	Organic compounds; Amino acids, peptides, and analogues; Alpha amino acids and derivatives; Organic acids and derivatives; Carboxylic acids and derivatives; Organonitrogen compounds; Organooxygen compounds; Amino acids and derivatives; Guanidines; Monocarboxylic acids and derivatives; Carboxylic acids; Carbonyl compounds; Organic oxides; Hydrocarbon derivatives; Organopnictogen compounds; Organic oxygen compounds; Organic nitrogen compounds; Chemical entities
72_200929_Poo_TruePooMortality_DDAneg_72	C2H5N4O3	[M - H]-	Amino acids and Peptides	0.7973610758781433	Small peptides	0.9020252823829651	Aminoacids	0.8423389196395874	Alpha amino acids and derivatives	0.7259581089019775	Amino acids and derivatives	0.9181224703788757	Amino acids, peptides, and analogues	0.9189665913581848	Carboxylic acids and derivatives	0.9880480766296387	Organic acids and derivatives	0.9972827434539795	Organic compounds; Amino acids, peptides, and analogues; Alpha amino acids and derivatives; Organic acids and derivatives; Carboxylic acids and derivatives; Organonitrogen compounds; Organooxygen compounds; Amino acids and derivatives; Guanidines; Monocarboxylic acids and derivatives; Carboxylic acids; Carbonyl compounds; Organic oxides; Hydrocarbon derivatives; Organopnictogen compounds; Organic oxygen compounds; Organic nitrogen compounds; Chemical entities
57_200929_Poo_TruePooMortality_DDAneg_57	C15H26N7O5P	[M - H]-	Alkaloids	0.5535017251968384	Pseudoalkaloids	0.5977484583854675	Purine nucleos(t)ides	0.5178914666175842	6-aminopurines	0.9231293797492981	6-aminopurines	0.9231293797492981	Purines and purine derivatives	0.9969359636306763	Imidazopyrimidines	0.9989751577377319	Organoheterocyclic compounds	0.9999821186065674	Organic compounds; Organoheterocyclic compounds; Pyrimidines and pyrimidine derivatives; Imidazoles; Purines and purine derivatives; Hypoxanthines; Organic acids and derivatives; Organonitrogen compounds; Nucleosides, nucleotides, and analogues; Pyrimidones; Organooxygen compounds; Organic phosphoric acids and derivatives; Azoles; Purinones; Aminopyrimidines and derivatives; Diazines; 6-oxopurines; Imidazopyrimidines; Oxolanes; Substituted imidazoles; N-substituted imidazoles; Amines; Primary amines; 6-aminopurines; Imidolactams; Vinylogous amides; Organic oxides; Azacyclic compounds; Oxacyclic compounds; Heteroaromatic compounds; Hydrocarbon derivatives; Organopnictogen compounds; Organic oxygen compounds; Organic nitrogen compounds; Chemical entities
73_200929_Poo_TruePooMortality_DDAneg_73	CH6N2O3	[M + Br]-	Amino acids and Peptides	0.664605975151062	Small peptides	0.7692914009094238	Aminoacids	0.7555676102638245	Organonitrogen compounds	0.9856318235397339					Organonitrogen compounds	0.9856318235397339	Organic nitrogen compounds	0.999549925327301	Organic compounds; Organonitrogen compounds; Organic oxides; Hydrocarbon derivatives; Organopnictogen compounds; Organic oxygen compounds; Organic nitrogen compounds; Chemical entities
29_200929_Poo_TruePooMortality_DDAneg_29	C10H19N3O4	[M - H]-	Amino acids and Peptides	0.9642078280448914	Small peptides	0.989683985710144	Dipeptides	0.9999946355819702	Dipeptides	0.9999297857284546	Peptides	0.9999979734420776	Amino acids, peptides, and analogues	0.9999991655349731	Carboxylic acids and derivatives	0.999998927116394	Organic acids and derivatives	0.9999998807907104	Organic compounds; Lipids and lipid-like molecules; Amino acids, peptides, and analogues; Alpha amino acids and derivatives; Fatty acids and conjugates; Organic acids and derivatives; Carboxylic acids and derivatives; Organonitrogen compounds; Organooxygen compounds; Fatty amides; Branched fatty acids; Amino acids and derivatives; Peptides; Monoalkylamines; Carboxylic acid amides; Carboxylic acid derivatives; N-acyl amines; Monocarboxylic acids and derivatives; N-acyl-alpha amino acids and derivatives; Carboxylic acids; Primary carboxylic acid amides; Secondary carboxylic acid amides; Carbonyl compounds; Alpha amino acid amides; N-acyl-alpha amino acids; Amines; Primary amines; Methyl-branched fatty acids; Fatty Acyls; Organic oxides; Hydrocarbon derivatives; Amino acids; Asparagine and derivatives; Leucine and derivatives; Isoleucine and derivatives; Organopnictogen compounds; Organic oxygen compounds; Organic nitrogen compounds; Dipeptides; Chemical entities
62_200929_Poo_TruePooMortality_DDAneg_62	C10H14N4O4	[M - H]-	Carbohydrates	0.8567939400672913	Nucleosides	0.8689393997192383	Purine nucleos(t)ides	0.8538818359375	Purine nucleosides	0.8017071485519409					Purine nucleosides	0.8017071485519409	Nucleosides, nucleotides, and analogues	0.8274430632591248	Organic compounds; Organoheterocyclic compounds; Carbohydrates and carbohydrate conjugates; Imidazoles; Alcohols and polyols; Purines and purine derivatives; Organonitrogen compounds; Primary alcohols; Nucleosides, nucleotides, and analogues; Organooxygen compounds; Azoles; Purine nucleosides; Monosaccharides; Secondary alcohols; Imidazopyrimidines; Glycosyl compounds; Glycosylamines; Substituted imidazoles; N-substituted imidazoles; Primary amines; Tetrahydrofurans; Azacyclic compounds; Oxacyclic compounds; Heteroaromatic compounds; Hydrocarbon derivatives; Organopnictogen compounds; Organic oxygen compounds; Organic nitrogen compounds; Chemical entities
67_200929_Poo_TruePooMortality_DDAneg_67	C10H16N4O4P2	[M - H]-	Alkaloids	0.818045973777771	Pseudoalkaloids	0.5405468940734863	Purine alkaloids	0.6272444725036621	6-aminopurines	0.7082037925720215	6-aminopurines	0.7082037925720215	Purines and purine derivatives	0.8816075921058655	Imidazopyrimidines	0.896461009979248	Organoheterocyclic compounds	0.9999405145645142	Organic compounds; Organoheterocyclic compounds; Pyrimidines and pyrimidine derivatives; Imidazoles; Purines and purine derivatives; Organic acids and derivatives; Organonitrogen compounds; Organooxygen compounds; Organophosphorus compounds; Organic phosphonic acids and derivatives; Azoles; Aminopyrimidines and derivatives; Organic phosphonic acids; Diazines; Imidazopyrimidines; Substituted imidazoles; N-substituted imidazoles; Amines; Primary amines; 6-aminopurines; Organic oxides; Azacyclic compounds; Heteroaromatic compounds; Hydrocarbon derivatives; Organopnictogen compounds; Organic oxygen compounds; Organic nitrogen compounds; Chemical entities
74_200929_Poo_TruePooMortality_DDAneg_74	C8H19ClN8O5	[M + Cl]-	Carbohydrates	0.6377972364425659	Nucleosides	0.5646583437919617	Purine nucleos(t)ides	0.539372980594635	Purines and purine derivatives	0.5647355318069458			Purines and purine derivatives	0.5647355318069458	Imidazopyrimidines	0.7901344895362854	Organoheterocyclic compounds	0.8708537220954895	Organic compounds; Organoheterocyclic compounds; Alcohols and polyols; Purines and purine derivatives; Organohalogen compounds; Organonitrogen compounds; Primary alcohols; Organooxygen compounds; Guanidines; Azoles; Alkyl chlorides; Organochlorides; Secondary alcohols; Imidazopyrimidines; Amines; Primary amines; Tetrahydrofurans; Alkyl halides; Carboximidamides; Organic 1,3-dipolar compounds; Azacyclic compounds; Oxacyclic compounds; Hydrocarbon derivatives; Organopnictogen compounds; Organic oxygen compounds; Organic nitrogen compounds; Chemical entities
15_200929_Poo_TruePooMortality_DDAneg_15	C15H16O2	[M - H]-	Shikimates and Phenylpropanoids	0.6789721846580505	Monoterpenoids	0.3720088005065918	Menthane monoterpenoids	0.500567615032196	Bisphenols	0.5945802330970764	Bisphenols	0.5945802330970764	Diphenylmethanes	0.864922046661377	Benzene and substituted derivatives	0.9994081258773804	Benzenoids	0.999998927116394	Organic compounds; Phenols; Bisphenols; Organooxygen compounds; Diphenylmethanes; Benzene and substituted derivatives; Benzenoids; Phenylpropanes; Hydrocarbon derivatives; Organic oxygen compounds; 1-hydroxy-2-unsubstituted benzenoids; Chemical entities
58_200929_Poo_TruePooMortality_DDAneg_58	C10H12N4O5	[M - H]-	Carbohydrates	0.9322498440742493	Nucleosides	0.942274272441864	Purine nucleos(t)ides	0.9601847529411316	Purine nucleosides	0.9957118034362793					Purine nucleosides	0.9957118034362793	Nucleosides, nucleotides, and analogues	0.9697824120521545	Organic compounds; Organoheterocyclic compounds; Carbohydrates and carbohydrate conjugates; Pyrimidines and pyrimidine derivatives; Imidazoles; Alcohols and polyols; Purines and purine derivatives; Hypoxanthines; Organonitrogen compounds; Primary alcohols; Nucleosides, nucleotides, and analogues; Pyrimidones; Organooxygen compounds; Azoles; Purine nucleosides; Purinones; Diazines; Pentoses; 6-oxopurines; Monosaccharides; Secondary alcohols; Imidazopyrimidines; Glycosyl compounds; Glycosylamines; Substituted imidazoles; N-substituted imidazoles; Tetrahydrofurans; Vinylogous amides; Azacyclic compounds; Oxacyclic compounds; Heteroaromatic compounds; Hydrocarbon derivatives; Organopnictogen compounds; Organic oxygen compounds; Organic nitrogen compounds; Chemical entities
76_200929_Poo_TruePooMortality_DDAneg_76	C13H18N4O7	[M - H]-	Carbohydrates	0.6716418862342834	Nucleosides	0.5691525936126709	Pyrimidine nucleos(t)ides	0.45845019817352295	Monosaccharides	0.5315454602241516	Monosaccharides	0.5315454602241516	Carbohydrates and carbohydrate conjugates	0.631034791469574	Organooxygen compounds	0.9994509816169739	Organic oxygen compounds	0.9998935461044312	Organic compounds; Organoheterocyclic compounds; Carbohydrates and carbohydrate conjugates; Alcohols and polyols; Organic acids and derivatives; Organonitrogen compounds; Primary alcohols; Organooxygen compounds; Organic carbonic acids and derivatives; Ureas; Monosaccharides; Secondary alcohols; Carbonyl compounds; Tetrahydrofurans; Organic oxides; Oxacyclic compounds; Hydrocarbon derivatives; Organopnictogen compounds; Organic oxygen compounds; Organic nitrogen compounds; Chemical entities
63_200929_Poo_TruePooMortality_DDAneg_63	C10H14N4O4	[M - H]-	Carbohydrates	0.7098671197891235	Nucleosides	0.7170349359512329	Purine nucleos(t)ides	0.6500512361526489	Purines and purine derivatives	0.6884709000587463			Purines and purine derivatives	0.6884709000587463	Imidazopyrimidines	0.7058647871017456	Organoheterocyclic compounds	0.981255829334259	Organic compounds; Organoheterocyclic compounds; Pyrimidines and pyrimidine derivatives; Imidazoles; Alcohols and polyols; Purines and purine derivatives; Organonitrogen compounds; Primary alcohols; Organooxygen compounds; Azoles; Diazines; Secondary alcohols; Imidazopyrimidines; Polyols; Substituted imidazoles; N-substituted imidazoles; Tetrahydrofurans; Azacyclic compounds; Oxacyclic compounds; Heteroaromatic compounds; Hydrocarbon derivatives; Organopnictogen compounds; Organic oxygen compounds; Organic nitrogen compounds; Chemical entities
75_200929_Poo_TruePooMortality_DDAneg_75	C13H18N4O7	[M - H]-	Carbohydrates	0.6262503266334534	Nucleosides	0.4707752764225006	Pyrimidine nucleos(t)ides	0.3375847339630127	Monosaccharides	0.5626798272132874	Monosaccharides	0.5626798272132874	Carbohydrates and carbohydrate conjugates	0.6444120407104492	Organooxygen compounds	0.9989412426948547	Organic oxygen compounds	0.9998698234558105	Organic compounds; Organoheterocyclic compounds; Carbohydrates and carbohydrate conjugates; Semicarbazides; Alcohols and polyols; Organic acids and derivatives; Organonitrogen compounds; Organooxygen compounds; Organic carbonic acids and derivatives; Ureas; Monosaccharides; Secondary alcohols; Carbonyl compounds; Tetrahydrofurans; Organic 1,3-dipolar compounds; Organic oxides; Oxacyclic compounds; Hydrocarbon derivatives; Organopnictogen compounds; Organic oxygen compounds; Organic nitrogen compounds; Organic nitroso compounds; Chemical entities
84_200929_Poo_TruePooMortality_DDAneg_84	C6H4O6S2	[M + Br]-	Shikimates and Phenylpropanoids	0.8380846381187439	Phenolic acids (C6-C1)	0.8267963528633118	Simple phenolic acids	0.8312410712242126	Benzenesulfonic acids and derivatives	0.9541025757789612			Benzenesulfonic acids and derivatives	0.9541025757789612	Benzene and substituted derivatives	0.9993283748626709	Benzenoids	0.9999785423278809	Organic compounds; Organosulfur compounds; Benzenesulfonic acids and derivatives; Phenols; Organic acids and derivatives; Organosulfonic acids and derivatives; Organooxygen compounds; Sulfonyls; Organosulfonic acids; Arylsulfonic acids and derivatives; Benzene and substituted derivatives; Benzenoids; Arylsufonic acids; 1-sulfo,2-unsubstituted aromatic compounds; Organic anions; Organic oxides; Hydrocarbon derivatives; Benzenesulfonyl compounds; Organic sulfonic acids and derivatives; Organic oxygen compounds; 1-hydroxy-2-unsubstituted benzenoids; Chemical entities
65_200929_Poo_TruePooMortality_DDAneg_65	C5H4O3P2	[M - H]-	Shikimates and Phenylpropanoids	0.5490053296089172	Fatty acyls	0.5036828517913818	Simple phenolic acids	0.33683741092681885	Organic phosphonic acids	0.9337074756622314			Organic phosphonic acids	0.9337074756622314	Organic phosphonic acids and derivatives	0.8276177048683167	Organic acids and derivatives	0.9400714039802551	Organic compounds; Organic acids and derivatives; Organophosphorus compounds; Organic phosphonic acids and derivatives; Organic phosphonic acids; Organic oxides; Hydrocarbon derivatives; Organic oxygen compounds; Chemical entities
69_200929_Poo_TruePooMortality_DDAneg_69	C10H14N4O6S	[M - H]-	Amino acids and Peptides	0.5804300904273987	Small peptides	0.6449936628341675	Dipeptides	0.43972158432006836	Alpha amino acids and derivatives	0.5501134991645813	Amino acids and derivatives	0.37765687704086304	Amino acids, peptides, and analogues	0.37877264618873596	Carboxylic acids and derivatives	0.748587965965271	Organic acids and derivatives	0.9999597072601318	Organic compounds; Organoheterocyclic compounds; Organosulfur compounds; Alpha amino acids and derivatives; Semicarbazides; Imidazolidines; Organic acids and derivatives; Carboxylic acids and derivatives; Organonitrogen compounds; Organooxygen compounds; Organic sulfuric acids and derivatives; Imidazolidinones; Sulfonyls; Carbonyl compounds; 1,3-diazepanes; Alkanesulfonic acids and derivatives; Alkanesulfonic acids; Organic oxides; Azacyclic compounds; Hydrocarbon derivatives; Organopnictogen compounds; Organic oxygen compounds; Organic nitrogen compounds; Chemical entities
70_200929_Poo_TruePooMortality_DDAneg_70	C3H7N4O3	[M - H]-	Amino acids and Peptides	0.8120666742324829	Small peptides	0.9145084619522095	Aminoacids	0.8913329243659973	Amino acids and derivatives	0.7724389433860779	Amino acids and derivatives	0.7724389433860779	Amino acids, peptides, and analogues	0.7734014391899109	Carboxylic acids and derivatives	0.9986603260040283	Organic acids and derivatives	0.9996607303619385	Organic compounds; Amino acids, peptides, and analogues; Fatty acids and conjugates; Organic acids and derivatives; Carboxylic acids and derivatives; Organonitrogen compounds; Organooxygen compounds; Amino acids and derivatives; Guanidines; Monocarboxylic acids and derivatives; Carboxylic acids; Carbonyl compounds; Carboximidamides; Organic 1,3-dipolar compounds; Organic oxides; Hydrocarbon derivatives; Organopnictogen compounds; Organic oxygen compounds; Organic nitrogen compounds; Chemical entities
80_200929_Poo_TruePooMortality_DDAneg_80	C5H2NO7S4	[M - H]-	Shikimates and Phenylpropanoids	0.5427055954933167	Small peptides	0.5084609985351562	Aminoacids	0.505054771900177	Arylsulfonic acids and derivatives	0.642865777015686	Arylsulfonic acids and derivatives	0.642865777015686	Organosulfonic acids and derivatives	0.772063136100769	Organic sulfonic acids and derivatives	0.7704486846923828	Organic acids and derivatives	0.9904620051383972	Organic compounds; Organoheterocyclic compounds; Organosulfur compounds; Organic acids and derivatives; Organosulfonic acids and derivatives; Organonitrogen compounds; Sulfonyls; Organosulfonic acids; Arylsulfonic acids and derivatives; Organic oxides; Heteroaromatic compounds; Hydrocarbon derivatives; Organic sulfonic acids and derivatives; Organic oxygen compounds; Organic nitrogen compounds; Chemical entities
59_200929_Poo_TruePooMortality_DDAneg_59	C20H24N8O10	[M - H]-	Carbohydrates	0.9048715233802795	Nucleosides	0.9163296818733215	Purine nucleos(t)ides	0.9283754825592041	Purine nucleosides	0.9974972605705261					Purine nucleosides	0.9974972605705261	Nucleosides, nucleotides, and analogues	0.986315131187439	Organic compounds; Organoheterocyclic compounds; Carbohydrates and carbohydrate conjugates; Pyrimidines and pyrimidine derivatives; Imidazoles; Alcohols and polyols; Purines and purine derivatives; Hypoxanthines; Organic acids and derivatives; Organonitrogen compounds; Primary alcohols; Nucleosides, nucleotides, and analogues; Pyrimidones; Organooxygen compounds; Azoles; Purine nucleosides; Purinones; Aminopyrimidines and derivatives; Diazines; Pentoses; 6-oxopurines; Monosaccharides; Secondary alcohols; Imidazopyrimidines; Glycosyl compounds; Glycosylamines; Polyols; Substituted imidazoles; N-substituted imidazoles; Amines; Tetrahydrofurans; 6-aminopurines; Imidolactams; Vinylogous amides; Organic oxides; Azacyclic compounds; Oxacyclic compounds; Heteroaromatic compounds; Hydrocarbon derivatives; Organopnictogen compounds; Organic oxygen compounds; Organic nitrogen compounds; Chemical entities
89_200929_Poo_TruePooMortality_DDAneg_89	C5H13N5S	[M + Cl]-	Alkaloids	0.7245288491249084	Pseudoalkaloids	0.571644127368927	Purine alkaloids	0.5582945346832275	Dialkylarylamines	0.5316507816314697	Tertiary amines	0.5790996551513672	Amines	0.6463727951049805	Organonitrogen compounds	0.9999053478240967	Organic nitrogen compounds	0.9999088048934937	Organic compounds; Organoheterocyclic compounds; Organosulfur compounds; Organonitrogen compounds; Thioethers; Amines; Tertiary amines; Tertiary alkylarylamines; Sulfenyl compounds; Alkylarylthioethers; Dialkylarylamines; Azacyclic compounds; Heteroaromatic compounds; Hydrocarbon derivatives; Organic cyanides; Organopnictogen compounds; Aryl thioethers; Organic nitrogen compounds; Chemical entities
90_200929_Poo_TruePooMortality_DDAneg_90	C5H13N5S	[M + Cl]-	Alkaloids	0.7282852530479431	Pseudoalkaloids	0.5746981501579285	Purine alkaloids	0.5580505728721619	Dialkylarylamines	0.535182535648346	Tertiary amines	0.5940792560577393	Amines	0.671299159526825	Organonitrogen compounds	0.9999120235443115	Organic nitrogen compounds	0.9999096393585205	Organic compounds; Organoheterocyclic compounds; Organosulfur compounds; Triazines; Organonitrogen compounds; Thioethers; Amines; Tertiary amines; Tertiary alkylarylamines; Sulfenyl compounds; Alkylarylthioethers; Dialkylarylamines; Azacyclic compounds; Heteroaromatic compounds; Hydrocarbon derivatives; Organic cyanides; Organopnictogen compounds; Aryl thioethers; Organic nitrogen compounds; Chemical entities
60_200929_Poo_TruePooMortality_DDAneg_60	C10H12N4O5	[M - H]-	Carbohydrates	0.9115135073661804	Nucleosides	0.9235928654670715	Purine nucleos(t)ides	0.9211947917938232	Purine 2'-deoxyribonucleosides	0.5122303366661072			Purine 2'-deoxyribonucleosides	0.5122303366661072	Purine nucleosides	0.9911497831344604	Nucleosides, nucleotides, and analogues	0.939362108707428	Organic compounds; Organoheterocyclic compounds; Carbohydrates and carbohydrate conjugates; Pyrimidines and pyrimidine derivatives; Imidazoles; Alcohols and polyols; Purines and purine derivatives; Hypoxanthines; Organic acids and derivatives; Organonitrogen compounds; Primary alcohols; Nucleosides, nucleotides, and analogues; Pyrimidones; Organooxygen compounds; Azoles; Purine nucleosides; Purinones; Diazines; Pentoses; 6-oxopurines; Monosaccharides; Secondary alcohols; Imidazopyrimidines; Glycosyl compounds; Purine 2'-deoxyribonucleosides; Glycosylamines; Substituted imidazoles; N-substituted imidazoles; Tetrahydrofurans; Vinylogous amides; Organic oxides; Azacyclic compounds; Oxacyclic compounds; Heteroaromatic compounds; Hydrocarbon derivatives; Organopnictogen compounds; Organic oxygen compounds; Organic nitrogen compounds; Chemical entities
