SampID,MF,Area
201006_Poo_TruePooMortality_Full1,"Indole-3-acetic acid, 2H5",29809928
201006_Poo_TruePooMortality_Full2,"Indole-3-acetic acid, 2H5",60917200
201006_Poo_TruePooMortality_Full3,"Indole-3-acetic acid, 2H5",52356120
201006_Poo_TruePooMortality_Full4,"Indole-3-acetic acid, 2H5",62995152
201006_Poo_TruePooMortality_Half1,"Indole-3-acetic acid, 2H5",15676842
201006_Poo_TruePooMortality_Half2,"Indole-3-acetic acid, 2H5",32261386
201006_Poo_TruePooMortality_Half3,"Indole-3-acetic acid, 2H5",26569716
201006_Poo_TruePooMortality_Half4,"Indole-3-acetic acid, 2H5",33739136
201006_Smp_A_1C_T0,"Indole-3-acetic acid, 2H5",60588808
201006_Smp_A_1C_T12,"Indole-3-acetic acid, 2H5",50415568
201006_Smp_A_1C_T18,"Indole-3-acetic acid, 2H5",54241524
201006_Smp_A_1C_T24,"Indole-3-acetic acid, 2H5",52030852
201006_Smp_A_1C_T30,"Indole-3-acetic acid, 2H5",15315327
201006_Smp_A_1C_T36,"Indole-3-acetic acid, 2H5",57355928
201006_Smp_A_1C_T42,"Indole-3-acetic acid, 2H5",50987644
201006_Smp_A_1C_T48,"Indole-3-acetic acid, 2H5",60630768
201006_Smp_A_1C_T6,"Indole-3-acetic acid, 2H5",52700804
201006_Smp_A_3LV_T0,"Indole-3-acetic acid, 2H5",72964936
201006_Smp_A_3LV_T12,"Indole-3-acetic acid, 2H5",53994700
201006_Smp_A_3LV_T24,"Indole-3-acetic acid, 2H5",20159332
201006_Smp_A_3LV_T36,"Indole-3-acetic acid, 2H5",58333272
201006_Smp_A_3LV_T48,"Indole-3-acetic acid, 2H5",27716586
201006_Smp_A_4LGV_T0,"Indole-3-acetic acid, 2H5",58422228
201006_Smp_A_4LGV_T12,"Indole-3-acetic acid, 2H5",49122180
201006_Smp_A_4LGV_T24,"Indole-3-acetic acid, 2H5",70650344
201006_Smp_A_4LGV_T36,"Indole-3-acetic acid, 2H5",54365832
201006_Smp_A_4LGV_T48,"Indole-3-acetic acid, 2H5",51164336
201006_Smp_A_6HV_T0,"Indole-3-acetic acid, 2H5",55532644
201006_Smp_A_6HV_T12,"Indole-3-acetic acid, 2H5",46761792
201006_Smp_A_6HV_T24,"Indole-3-acetic acid, 2H5",66442184
201006_Smp_A_6HV_T36,"Indole-3-acetic acid, 2H5",20593086
201006_Smp_A_6HV_T48,"Indole-3-acetic acid, 2H5",62928084
201006_Smp_A_8G_T0,"Indole-3-acetic acid, 2H5",56365572
201006_Smp_A_8G_T48,"Indole-3-acetic acid, 2H5",56373996
201006_Smp_A_9V_T0,"Indole-3-acetic acid, 2H5",56165388
201006_Smp_Filter_blk_1,"Indole-3-acetic acid, 2H5",57581236
201006_Smp_Filter_blk_2,"Indole-3-acetic acid, 2H5",77401648
201006_Smp_Media_blk,"Indole-3-acetic acid, 2H5",46752728
201006_Poo_TruePooMortality_Full1,"L-Phenylalanine, 2H8",11451548
201006_Poo_TruePooMortality_Full2,"L-Phenylalanine, 2H8",17924438
201006_Poo_TruePooMortality_Full3,"L-Phenylalanine, 2H8",16254828
201006_Poo_TruePooMortality_Full4,"L-Phenylalanine, 2H8",19105342
201006_Poo_TruePooMortality_Half1,"L-Phenylalanine, 2H8",5678816
201006_Poo_TruePooMortality_Half2,"L-Phenylalanine, 2H8",9195236
201006_Poo_TruePooMortality_Half3,"L-Phenylalanine, 2H8",8143609
201006_Poo_TruePooMortality_Half4,"L-Phenylalanine, 2H8",9993451
201006_Smp_A_1C_T0,"L-Phenylalanine, 2H8",16636740
201006_Smp_A_1C_T12,"L-Phenylalanine, 2H8",16249561
201006_Smp_A_1C_T18,"L-Phenylalanine, 2H8",16398457
201006_Smp_A_1C_T24,"L-Phenylalanine, 2H8",15007133
201006_Smp_A_1C_T30,"L-Phenylalanine, 2H8",15744802
201006_Smp_A_1C_T36,"L-Phenylalanine, 2H8",15835252
201006_Smp_A_1C_T42,"L-Phenylalanine, 2H8",15381498
201006_Smp_A_1C_T48,"L-Phenylalanine, 2H8",17196082
201006_Smp_A_1C_T6,"L-Phenylalanine, 2H8",17117220
201006_Smp_A_3LV_T0,"L-Phenylalanine, 2H8",20150958
201006_Smp_A_3LV_T12,"L-Phenylalanine, 2H8",14985700
201006_Smp_A_3LV_T24,"L-Phenylalanine, 2H8",13224597
201006_Smp_A_3LV_T36,"L-Phenylalanine, 2H8",15773443
201006_Smp_A_3LV_T48,"L-Phenylalanine, 2H8",15545076
201006_Smp_A_4LGV_T0,"L-Phenylalanine, 2H8",16331135
201006_Smp_A_4LGV_T12,"L-Phenylalanine, 2H8",15241243
201006_Smp_A_4LGV_T24,"L-Phenylalanine, 2H8",18660270
201006_Smp_A_4LGV_T36,"L-Phenylalanine, 2H8",13253715
201006_Smp_A_4LGV_T48,"L-Phenylalanine, 2H8",15138196
201006_Smp_A_6HV_T0,"L-Phenylalanine, 2H8",16760233
201006_Smp_A_6HV_T12,"L-Phenylalanine, 2H8",16065136
201006_Smp_A_6HV_T24,"L-Phenylalanine, 2H8",17027706
201006_Smp_A_6HV_T36,"L-Phenylalanine, 2H8",12773388
201006_Smp_A_6HV_T48,"L-Phenylalanine, 2H8",16839052
201006_Smp_A_8G_T0,"L-Phenylalanine, 2H8",15993631
201006_Smp_A_8G_T48,"L-Phenylalanine, 2H8",15497911
201006_Smp_A_9V_T0,"L-Phenylalanine, 2H8",17735190
201006_Smp_Filter_blk_1,"L-Phenylalanine, 2H8",18879012
201006_Smp_Filter_blk_2,"L-Phenylalanine, 2H8",20571956
201006_Smp_Media_blk,"L-Phenylalanine, 2H8",15850945
201006_Poo_TruePooMortality_Full1,"L-Tryptophan, 2H3",4887755
201006_Poo_TruePooMortality_Full2,"L-Tryptophan, 2H3",6924822
201006_Poo_TruePooMortality_Full3,"L-Tryptophan, 2H3",6109547
201006_Poo_TruePooMortality_Full4,"L-Tryptophan, 2H3",6920068
201006_Poo_TruePooMortality_Half1,"L-Tryptophan, 2H3",2383284
201006_Poo_TruePooMortality_Half2,"L-Tryptophan, 2H3",3390255
201006_Poo_TruePooMortality_Half3,"L-Tryptophan, 2H3",3009595
201006_Poo_TruePooMortality_Half4,"L-Tryptophan, 2H3",3536065
201006_Smp_A_1C_T0,"L-Tryptophan, 2H3",6534525
201006_Smp_A_1C_T12,"L-Tryptophan, 2H3",6498049
201006_Smp_A_1C_T18,"L-Tryptophan, 2H3",5998801
201006_Smp_A_1C_T24,"L-Tryptophan, 2H3",6160853
201006_Smp_A_1C_T30,"L-Tryptophan, 2H3",5873683
201006_Smp_A_1C_T36,"L-Tryptophan, 2H3",5995085
201006_Smp_A_1C_T42,"L-Tryptophan, 2H3",6392202
201006_Smp_A_1C_T48,"L-Tryptophan, 2H3",6832687
201006_Smp_A_1C_T6,"L-Tryptophan, 2H3",6605754
201006_Smp_A_3LV_T0,"L-Tryptophan, 2H3",7534884
201006_Smp_A_3LV_T12,"L-Tryptophan, 2H3",6018963
201006_Smp_A_3LV_T24,"L-Tryptophan, 2H3",5791351
201006_Smp_A_3LV_T36,"L-Tryptophan, 2H3",6152951
201006_Smp_A_3LV_T48,"L-Tryptophan, 2H3",6080992
201006_Smp_A_4LGV_T0,"L-Tryptophan, 2H3",6555419
201006_Smp_A_4LGV_T12,"L-Tryptophan, 2H3",6040756
201006_Smp_A_4LGV_T24,"L-Tryptophan, 2H3",6753305
201006_Smp_A_4LGV_T36,"L-Tryptophan, 2H3",6055717
201006_Smp_A_4LGV_T48,"L-Tryptophan, 2H3",6278468
201006_Smp_A_6HV_T0,"L-Tryptophan, 2H3",6863026
201006_Smp_A_6HV_T12,"L-Tryptophan, 2H3",6451096
201006_Smp_A_6HV_T24,"L-Tryptophan, 2H3",6166412
201006_Smp_A_6HV_T36,"L-Tryptophan, 2H3",5219915
201006_Smp_A_6HV_T48,"L-Tryptophan, 2H3",6543773
201006_Smp_A_8G_T0,"L-Tryptophan, 2H3",6404609
201006_Smp_A_8G_T48,"L-Tryptophan, 2H3",5739647
201006_Smp_A_9V_T0,"L-Tryptophan, 2H3",6672861
201006_Smp_Filter_blk_1,"L-Tryptophan, 2H3",7314363
201006_Smp_Filter_blk_2,"L-Tryptophan, 2H3",7240511
201006_Smp_Media_blk,"L-Tryptophan, 2H3",6292954
201006_Poo_TruePooMortality_Full1,"Pyridoxal, 2H3",59141964
201006_Poo_TruePooMortality_Full2,"Pyridoxal, 2H3",53615820
201006_Poo_TruePooMortality_Full3,"Pyridoxal, 2H3",47733848
201006_Poo_TruePooMortality_Full4,"Pyridoxal, 2H3",53816584
201006_Poo_TruePooMortality_Half1,"Pyridoxal, 2H3",40710084
201006_Poo_TruePooMortality_Half2,"Pyridoxal, 2H3",33617284
201006_Poo_TruePooMortality_Half3,"Pyridoxal, 2H3",33951204
201006_Poo_TruePooMortality_Half4,"Pyridoxal, 2H3",38499140
201006_Smp_A_1C_T0,"Pyridoxal, 2H3",71576352
201006_Smp_A_1C_T12,"Pyridoxal, 2H3",68330096
201006_Smp_A_1C_T18,"Pyridoxal, 2H3",71301048
201006_Smp_A_1C_T24,"Pyridoxal, 2H3",59198592
201006_Smp_A_1C_T30,"Pyridoxal, 2H3",66865928
201006_Smp_A_1C_T36,"Pyridoxal, 2H3",42716616
201006_Smp_A_1C_T42,"Pyridoxal, 2H3",63409672
201006_Smp_A_1C_T48,"Pyridoxal, 2H3",63397388
201006_Smp_A_1C_T6,"Pyridoxal, 2H3",65214060
201006_Smp_A_3LV_T0,"Pyridoxal, 2H3",76026160
201006_Smp_A_3LV_T12,"Pyridoxal, 2H3",63612112
201006_Smp_A_3LV_T24,"Pyridoxal, 2H3",67775592
201006_Smp_A_3LV_T36,"Pyridoxal, 2H3",40312148
201006_Smp_A_3LV_T48,"Pyridoxal, 2H3",56022476
201006_Smp_A_4LGV_T0,"Pyridoxal, 2H3",73313504
201006_Smp_A_4LGV_T12,"Pyridoxal, 2H3",56130988
201006_Smp_A_4LGV_T24,"Pyridoxal, 2H3",67378824
201006_Smp_A_4LGV_T36,"Pyridoxal, 2H3",25083466
201006_Smp_A_4LGV_T48,"Pyridoxal, 2H3",41679352
201006_Smp_A_6HV_T0,"Pyridoxal, 2H3",77190672
201006_Smp_A_6HV_T12,"Pyridoxal, 2H3",62001064
201006_Smp_A_6HV_T24,"Pyridoxal, 2H3",60627032
201006_Smp_A_6HV_T36,"Pyridoxal, 2H3",51278544
201006_Smp_A_6HV_T48,"Pyridoxal, 2H3",62304272
201006_Smp_A_8G_T0,"Pyridoxal, 2H3",70080856
201006_Smp_A_8G_T48,"Pyridoxal, 2H3",53401680
201006_Smp_A_9V_T0,"Pyridoxal, 2H3",73745080
201006_Smp_Filter_blk_1,"Pyridoxal, 2H3",77509488
201006_Smp_Filter_blk_2,"Pyridoxal, 2H3",76632024
201006_Smp_Media_blk,"Pyridoxal, 2H3",71063768
201006_Poo_TruePooMortality_Full1,"Vitamin B2, 13C4, 15N2",8623173
201006_Poo_TruePooMortality_Full2,"Vitamin B2, 13C4, 15N2",10821529
201006_Poo_TruePooMortality_Full3,"Vitamin B2, 13C4, 15N2",9665669
201006_Poo_TruePooMortality_Full4,"Vitamin B2, 13C4, 15N2",10539081
201006_Poo_TruePooMortality_Half1,"Vitamin B2, 13C4, 15N2",4467262
201006_Poo_TruePooMortality_Half2,"Vitamin B2, 13C4, 15N2",5791061
201006_Poo_TruePooMortality_Half3,"Vitamin B2, 13C4, 15N2",4932051
201006_Poo_TruePooMortality_Half4,"Vitamin B2, 13C4, 15N2",5709086
201006_Smp_A_1C_T0,"Vitamin B2, 13C4, 15N2",7606363
201006_Smp_A_1C_T12,"Vitamin B2, 13C4, 15N2",7895077
201006_Smp_A_1C_T18,"Vitamin B2, 13C4, 15N2",11694113
201006_Smp_A_1C_T24,"Vitamin B2, 13C4, 15N2",7747728
201006_Smp_A_1C_T30,"Vitamin B2, 13C4, 15N2",14095125
201006_Smp_A_1C_T36,"Vitamin B2, 13C4, 15N2",13508023
201006_Smp_A_1C_T42,"Vitamin B2, 13C4, 15N2",4121750
201006_Smp_A_1C_T48,"Vitamin B2, 13C4, 15N2",7356810
201006_Smp_A_1C_T6,"Vitamin B2, 13C4, 15N2",12897285
201006_Smp_A_3LV_T0,"Vitamin B2, 13C4, 15N2",7314866
201006_Smp_A_3LV_T12,"Vitamin B2, 13C4, 15N2",5703270
201006_Smp_A_3LV_T24,"Vitamin B2, 13C4, 15N2",11644239
201006_Smp_A_3LV_T36,"Vitamin B2, 13C4, 15N2",11929996
201006_Smp_A_3LV_T48,"Vitamin B2, 13C4, 15N2",13059743
201006_Smp_A_4LGV_T0,"Vitamin B2, 13C4, 15N2",10957220
201006_Smp_A_4LGV_T12,"Vitamin B2, 13C4, 15N2",13784879
201006_Smp_A_4LGV_T24,"Vitamin B2, 13C4, 15N2",7807640
201006_Smp_A_4LGV_T36,"Vitamin B2, 13C4, 15N2",12067100
201006_Smp_A_4LGV_T48,"Vitamin B2, 13C4, 15N2",11871871
201006_Smp_A_6HV_T0,"Vitamin B2, 13C4, 15N2",8847677
201006_Smp_A_6HV_T12,"Vitamin B2, 13C4, 15N2",10748271
201006_Smp_A_6HV_T24,"Vitamin B2, 13C4, 15N2",9974717
201006_Smp_A_6HV_T36,"Vitamin B2, 13C4, 15N2",9983053
201006_Smp_A_6HV_T48,"Vitamin B2, 13C4, 15N2",8440987
201006_Smp_A_8G_T0,"Vitamin B2, 13C4, 15N2",10498241
201006_Smp_A_8G_T48,"Vitamin B2, 13C4, 15N2",12675776
201006_Smp_A_9V_T0,"Vitamin B2, 13C4, 15N2",7715790
201006_Smp_Filter_blk_1,"Vitamin B2, 13C4, 15N2",10052915
201006_Smp_Filter_blk_2,"Vitamin B2, 13C4, 15N2",9475751
201006_Smp_Media_blk,"Vitamin B2, 13C4, 15N2",9561277
201006_Poo_TruePooMortality_Full1,"Thiamine, 13C3",5165944
201006_Poo_TruePooMortality_Full2,"Thiamine, 13C3",3719673
201006_Poo_TruePooMortality_Full3,"Thiamine, 13C3",3563387
201006_Poo_TruePooMortality_Full4,"Thiamine, 13C3",3782945
201006_Poo_TruePooMortality_Half1,"Thiamine, 13C3",1762665
201006_Poo_TruePooMortality_Half2,"Thiamine, 13C3",1971964
201006_Poo_TruePooMortality_Half3,"Thiamine, 13C3",2021889
201006_Poo_TruePooMortality_Half4,"Thiamine, 13C3",2775356
201006_Smp_A_1C_T0,"Thiamine, 13C3",8560752
201006_Smp_A_1C_T12,"Thiamine, 13C3",8897989
201006_Smp_A_1C_T18,"Thiamine, 13C3",5084351
201006_Smp_A_1C_T24,"Thiamine, 13C3",6550045
201006_Smp_A_1C_T30,"Thiamine, 13C3",6730108
201006_Smp_A_1C_T36,"Thiamine, 13C3",8238007
201006_Smp_A_1C_T42,"Thiamine, 13C3",6251171
201006_Smp_A_1C_T48,"Thiamine, 13C3",15150673
201006_Smp_A_1C_T6,"Thiamine, 13C3",8674997
201006_Smp_A_3LV_T0,"Thiamine, 13C3",9426167
201006_Smp_A_3LV_T12,"Thiamine, 13C3",5225060
201006_Smp_A_3LV_T24,"Thiamine, 13C3",6064497
201006_Smp_A_3LV_T36,"Thiamine, 13C3",12580320
201006_Smp_A_3LV_T48,"Thiamine, 13C3",6794277
201006_Smp_A_4LGV_T0,"Thiamine, 13C3",8421909
201006_Smp_A_4LGV_T12,"Thiamine, 13C3",1371099
201006_Smp_A_4LGV_T24,"Thiamine, 13C3",7900396
201006_Smp_A_4LGV_T36,"Thiamine, 13C3",4479614
201006_Smp_A_4LGV_T48,"Thiamine, 13C3",4353793
201006_Smp_A_6HV_T0,"Thiamine, 13C3",5517186
201006_Smp_A_6HV_T12,"Thiamine, 13C3",7657270
201006_Smp_A_6HV_T24,"Thiamine, 13C3",3608399
201006_Smp_A_6HV_T36,"Thiamine, 13C3",6525644
201006_Smp_A_6HV_T48,"Thiamine, 13C3",7512040
201006_Smp_A_8G_T0,"Thiamine, 13C3",6642652
201006_Smp_A_8G_T48,"Thiamine, 13C3",5406934
201006_Smp_A_9V_T0,"Thiamine, 13C3",1615724
201006_Smp_Filter_blk_1,"Thiamine, 13C3",9612083
201006_Smp_Filter_blk_2,"Thiamine, 13C3",10338132
201006_Smp_Media_blk,"Thiamine, 13C3",3459590
201006_Poo_TruePooMortality_Full1,"Tryptamine, 2H4",101845448
201006_Poo_TruePooMortality_Full2,"Tryptamine, 2H4",117974512
201006_Poo_TruePooMortality_Full3,"Tryptamine, 2H4",110164760
201006_Poo_TruePooMortality_Full4,"Tryptamine, 2H4",122925696
201006_Poo_TruePooMortality_Half1,"Tryptamine, 2H4",52155096
201006_Poo_TruePooMortality_Half2,"Tryptamine, 2H4",58833020
201006_Poo_TruePooMortality_Half3,"Tryptamine, 2H4",55286192
201006_Poo_TruePooMortality_Half4,"Tryptamine, 2H4",61547612
201006_Smp_A_1C_T0,"Tryptamine, 2H4",91397088
201006_Smp_A_1C_T12,"Tryptamine, 2H4",94506000
201006_Smp_A_1C_T18,"Tryptamine, 2H4",123453096
201006_Smp_A_1C_T24,"Tryptamine, 2H4",60265128
201006_Smp_A_1C_T30,"Tryptamine, 2H4",177308656
201006_Smp_A_1C_T36,"Tryptamine, 2H4",119165592
201006_Smp_A_1C_T42,"Tryptamine, 2H4",102962936
201006_Smp_A_1C_T48,"Tryptamine, 2H4",179569840
201006_Smp_A_1C_T6,"Tryptamine, 2H4",137433728
201006_Smp_A_3LV_T0,"Tryptamine, 2H4",106871416
201006_Smp_A_3LV_T12,"Tryptamine, 2H4",54861488
201006_Smp_A_3LV_T24,"Tryptamine, 2H4",25107948
201006_Smp_A_3LV_T36,"Tryptamine, 2H4",87211328
201006_Smp_A_3LV_T48,"Tryptamine, 2H4",203305808
201006_Smp_A_4LGV_T0,"Tryptamine, 2H4",112970624
201006_Smp_A_4LGV_T12,"Tryptamine, 2H4",80162824
201006_Smp_A_4LGV_T24,"Tryptamine, 2H4",137574288
201006_Smp_A_4LGV_T36,"Tryptamine, 2H4",116169760
201006_Smp_A_4LGV_T48,"Tryptamine, 2H4",111864872
201006_Smp_A_6HV_T0,"Tryptamine, 2H4",114658496
201006_Smp_A_6HV_T12,"Tryptamine, 2H4",85280688
201006_Smp_A_6HV_T24,"Tryptamine, 2H4",82222248
201006_Smp_A_6HV_T36,"Tryptamine, 2H4",50733312
201006_Smp_A_6HV_T48,"Tryptamine, 2H4",116057336
201006_Smp_A_8G_T0,"Tryptamine, 2H4",116931160
201006_Smp_A_8G_T48,"Tryptamine, 2H4",159271184
201006_Smp_A_9V_T0,"Tryptamine, 2H4",111965504
201006_Smp_Filter_blk_1,"Tryptamine, 2H4",120456408
201006_Smp_Filter_blk_2,"Tryptamine, 2H4",125250632
201006_Smp_Media_blk,"Tryptamine, 2H4",96974840
201006_Smp_B_1C_T0,"Indole-3-acetic acid, 2H5",65832428
201006_Smp_B_1C_T12,"Indole-3-acetic acid, 2H5",61493784
201006_Smp_B_1C_T18,"Indole-3-acetic acid, 2H5",58343204
201006_Smp_B_1C_T24,"Indole-3-acetic acid, 2H5",56310592
201006_Smp_B_1C_T30,"Indole-3-acetic acid, 2H5",46719736
201006_Smp_B_1C_T36,"Indole-3-acetic acid, 2H5",42582732
201006_Smp_B_1C_T42,"Indole-3-acetic acid, 2H5",51531156
201006_Smp_B_1C_T48,"Indole-3-acetic acid, 2H5",55001268
201006_Smp_B_1C_T6,"Indole-3-acetic acid, 2H5",19844450
201006_Smp_B_3LV_T0,"Indole-3-acetic acid, 2H5",73643032
201006_Smp_B_3LV_T12,"Indole-3-acetic acid, 2H5",48181672
201006_Smp_B_3LV_T24,"Indole-3-acetic acid, 2H5",57086384
201006_Smp_B_3LV_T36,"Indole-3-acetic acid, 2H5",53122260
201006_Smp_B_3LV_T48,"Indole-3-acetic acid, 2H5",18405272
201006_Smp_B_4LGV_T0,"Indole-3-acetic acid, 2H5",56036188
201006_Smp_B_4LGV_T12,"Indole-3-acetic acid, 2H5",46968564
201006_Smp_B_4LGV_T24,"Indole-3-acetic acid, 2H5",60794292
201006_Smp_B_4LGV_T36,"Indole-3-acetic acid, 2H5",20593106
201006_Smp_B_4LGV_T48,"Indole-3-acetic acid, 2H5",47489696
201006_Smp_B_6HV_T0,"Indole-3-acetic acid, 2H5",27270366
201006_Smp_B_6HV_T12,"Indole-3-acetic acid, 2H5",51596404
201006_Smp_B_6HV_T24,"Indole-3-acetic acid, 2H5",69406640
201006_Smp_B_6HV_T36,"Indole-3-acetic acid, 2H5",54515860
201006_Smp_B_6HV_T48,"Indole-3-acetic acid, 2H5",22660730
201006_Smp_C_1C_T0,"Indole-3-acetic acid, 2H5",55336260
201006_Smp_C_1C_T12,"Indole-3-acetic acid, 2H5",19057234
201006_Smp_C_1C_T18,"Indole-3-acetic acid, 2H5",57781912
201006_Smp_C_1C_T24,"Indole-3-acetic acid, 2H5",54459152
201006_Smp_C_1C_T30,"Indole-3-acetic acid, 2H5",19013466
201006_Smp_C_1C_T36,"Indole-3-acetic acid, 2H5",69363856
201006_Smp_C_1C_T42,"Indole-3-acetic acid, 2H5",45561300
201006_Smp_C_1C_T48,"Indole-3-acetic acid, 2H5",26662104
201006_Smp_C_1C_T6,"Indole-3-acetic acid, 2H5",55824716
201006_Smp_C_3LV_T0,"Indole-3-acetic acid, 2H5",53792168
201006_Smp_C_3LV_T12,"Indole-3-acetic acid, 2H5",22704388
201006_Smp_C_3LV_T24,"Indole-3-acetic acid, 2H5",19413348
201006_Smp_C_3LV_T36,"Indole-3-acetic acid, 2H5",54067508
201006_Smp_C_3LV_T48,"Indole-3-acetic acid, 2H5",49585136
201006_Smp_C_4LGV_T0,"Indole-3-acetic acid, 2H5",52530900
201006_Smp_C_4LGV_T12,"Indole-3-acetic acid, 2H5",17701444
201006_Smp_C_4LGV_T24,"Indole-3-acetic acid, 2H5",58711076
201006_Smp_C_4LGV_T36,"Indole-3-acetic acid, 2H5",45532612
201006_Smp_C_4LGV_T48,"Indole-3-acetic acid, 2H5",55597576
201006_Smp_C_6HV_T0,"Indole-3-acetic acid, 2H5",64903412
201006_Smp_C_6HV_T12,"Indole-3-acetic acid, 2H5",48657352
201006_Smp_C_6HV_T24,"Indole-3-acetic acid, 2H5",46060288
201006_Smp_C_6HV_T36,"Indole-3-acetic acid, 2H5",32145152
201006_Smp_C_6HV_T48,"Indole-3-acetic acid, 2H5",58059924
201006_Smp_DOM_blk_T0,"Indole-3-acetic acid, 2H5",36614324
201006_Smp_DOM_blk_T48,"Indole-3-acetic acid, 2H5",28464960
201006_Smp_E_2LG_T0,"Indole-3-acetic acid, 2H5",56902412
201006_Smp_E_2LG_T24,"Indole-3-acetic acid, 2H5",70337768
201006_Smp_E_2LG_T36,"Indole-3-acetic acid, 2H5",56370980
201006_Smp_E_2LG_T48,"Indole-3-acetic acid, 2H5",56718580
201006_Smp_E_3LG_T0,"Indole-3-acetic acid, 2H5",46585288
201006_Smp_E_3LG_T24,"Indole-3-acetic acid, 2H5",56658304
201006_Smp_E_3LG_T36,"Indole-3-acetic acid, 2H5",60234472
201006_Smp_E_3LG_T48,"Indole-3-acetic acid, 2H5",15653162
201006_Smp_E_4LG_T0,"Indole-3-acetic acid, 2H5",48999724
201006_Smp_E_4LG_T24,"Indole-3-acetic acid, 2H5",55076852
201006_Smp_E_4LG_T36,"Indole-3-acetic acid, 2H5",60081740
201006_Smp_E_4LG_T48,"Indole-3-acetic acid, 2H5",58685780
201006_Smp_E_8G_T48,"Indole-3-acetic acid, 2H5",47550868
201006_Smp_Filter_blk_1,"Indole-3-acetic acid, 2H5",57581236
201006_Smp_Filter_blk_2,"Indole-3-acetic acid, 2H5",77401648
201006_Smp_Media_blk,"Indole-3-acetic acid, 2H5",46752728
201006_Smp_B_1C_T0,"L-Phenylalanine, 2H8",19084356
201006_Smp_B_1C_T12,"L-Phenylalanine, 2H8",16847716
201006_Smp_B_1C_T18,"L-Phenylalanine, 2H8",17155344
201006_Smp_B_1C_T24,"L-Phenylalanine, 2H8",16211450
201006_Smp_B_1C_T30,"L-Phenylalanine, 2H8",15161403
201006_Smp_B_1C_T36,"L-Phenylalanine, 2H8",15046315
201006_Smp_B_1C_T42,"L-Phenylalanine, 2H8",16467560
201006_Smp_B_1C_T48,"L-Phenylalanine, 2H8",14660827
201006_Smp_B_1C_T6,"L-Phenylalanine, 2H8",16985442
201006_Smp_B_3LV_T0,"L-Phenylalanine, 2H8",20106076
201006_Smp_B_3LV_T12,"L-Phenylalanine, 2H8",15384434
201006_Smp_B_3LV_T24,"L-Phenylalanine, 2H8",16275946
201006_Smp_B_3LV_T36,"L-Phenylalanine, 2H8",15398021
201006_Smp_B_3LV_T48,"L-Phenylalanine, 2H8",12951594
201006_Smp_B_4LGV_T0,"L-Phenylalanine, 2H8",16394312
201006_Smp_B_4LGV_T12,"L-Phenylalanine, 2H8",15601730
201006_Smp_B_4LGV_T24,"L-Phenylalanine, 2H8",16795674
201006_Smp_B_4LGV_T36,"L-Phenylalanine, 2H8",12999571
201006_Smp_B_4LGV_T48,"L-Phenylalanine, 2H8",13520803
201006_Smp_B_6HV_T0,"L-Phenylalanine, 2H8",4235876
201006_Smp_B_6HV_T12,"L-Phenylalanine, 2H8",16705776
201006_Smp_B_6HV_T24,"L-Phenylalanine, 2H8",16477542
201006_Smp_B_6HV_T36,"L-Phenylalanine, 2H8",15929308
201006_Smp_B_6HV_T48,"L-Phenylalanine, 2H8",12779927
201006_Smp_C_1C_T0,"L-Phenylalanine, 2H8",16667889
201006_Smp_C_1C_T12,"L-Phenylalanine, 2H8",11583067
201006_Smp_C_1C_T18,"L-Phenylalanine, 2H8",17661948
201006_Smp_C_1C_T24,"L-Phenylalanine, 2H8",15276353
201006_Smp_C_1C_T30,"L-Phenylalanine, 2H8",12841414
201006_Smp_C_1C_T36,"L-Phenylalanine, 2H8",18414650
201006_Smp_C_1C_T42,"L-Phenylalanine, 2H8",17260984
201006_Smp_C_1C_T48,"L-Phenylalanine, 2H8",14319189
201006_Smp_C_1C_T6,"L-Phenylalanine, 2H8",16302039
201006_Smp_C_3LV_T0,"L-Phenylalanine, 2H8",15816216
201006_Smp_C_3LV_T12,"L-Phenylalanine, 2H8",15499377
201006_Smp_C_3LV_T24,"L-Phenylalanine, 2H8",12685928
201006_Smp_C_3LV_T36,"L-Phenylalanine, 2H8",14637450
201006_Smp_C_3LV_T48,"L-Phenylalanine, 2H8",12017115
201006_Smp_C_4LGV_T0,"L-Phenylalanine, 2H8",16297516
201006_Smp_C_4LGV_T12,"L-Phenylalanine, 2H8",13935248
201006_Smp_C_4LGV_T24,"L-Phenylalanine, 2H8",14988093
201006_Smp_C_4LGV_T36,"L-Phenylalanine, 2H8",12614036
201006_Smp_C_4LGV_T48,"L-Phenylalanine, 2H8",14169627
201006_Smp_C_6HV_T0,"L-Phenylalanine, 2H8",16593157
201006_Smp_C_6HV_T12,"L-Phenylalanine, 2H8",15193299
201006_Smp_C_6HV_T24,"L-Phenylalanine, 2H8",14801304
201006_Smp_C_6HV_T36,"L-Phenylalanine, 2H8",8387260
201006_Smp_C_6HV_T48,"L-Phenylalanine, 2H8",16461667
201006_Smp_DOM_blk_T0,"L-Phenylalanine, 2H8",11028087
201006_Smp_DOM_blk_T48,"L-Phenylalanine, 2H8",16198355
201006_Smp_E_2LG_T0,"L-Phenylalanine, 2H8",14895574
201006_Smp_E_2LG_T24,"L-Phenylalanine, 2H8",18993994
201006_Smp_E_2LG_T36,"L-Phenylalanine, 2H8",15836905
201006_Smp_E_2LG_T48,"L-Phenylalanine, 2H8",14501188
201006_Smp_E_3LG_T0,"L-Phenylalanine, 2H8",15131046
201006_Smp_E_3LG_T24,"L-Phenylalanine, 2H8",14956524
201006_Smp_E_3LG_T36,"L-Phenylalanine, 2H8",16091395
201006_Smp_E_3LG_T48,"L-Phenylalanine, 2H8",10289745
201006_Smp_E_4LG_T0,"L-Phenylalanine, 2H8",15180365
201006_Smp_E_4LG_T24,"L-Phenylalanine, 2H8",14260319
201006_Smp_E_4LG_T36,"L-Phenylalanine, 2H8",15826301
201006_Smp_E_4LG_T48,"L-Phenylalanine, 2H8",13847728
201006_Smp_E_8G_T48,"L-Phenylalanine, 2H8",14431255
201006_Smp_Filter_blk_1,"L-Phenylalanine, 2H8",18879012
201006_Smp_Filter_blk_2,"L-Phenylalanine, 2H8",20571956
201006_Smp_Media_blk,"L-Phenylalanine, 2H8",15850945
201006_Smp_B_1C_T0,"L-Tryptophan, 2H3",7523583
201006_Smp_B_1C_T12,"L-Tryptophan, 2H3",6839375
201006_Smp_B_1C_T18,"L-Tryptophan, 2H3",6350997
201006_Smp_B_1C_T24,"L-Tryptophan, 2H3",6732891
201006_Smp_B_1C_T30,"L-Tryptophan, 2H3",6317787
201006_Smp_B_1C_T36,"L-Tryptophan, 2H3",6347054
201006_Smp_B_1C_T42,"L-Tryptophan, 2H3",6161225
201006_Smp_B_1C_T48,"L-Tryptophan, 2H3",6146391
201006_Smp_B_1C_T6,"L-Tryptophan, 2H3",6949031
201006_Smp_B_3LV_T0,"L-Tryptophan, 2H3",7504960
201006_Smp_B_3LV_T12,"L-Tryptophan, 2H3",5974473
201006_Smp_B_3LV_T24,"L-Tryptophan, 2H3",6772538
201006_Smp_B_3LV_T36,"L-Tryptophan, 2H3",6201439
201006_Smp_B_3LV_T48,"L-Tryptophan, 2H3",4953170
201006_Smp_B_4LGV_T0,"L-Tryptophan, 2H3",6151756
201006_Smp_B_4LGV_T12,"L-Tryptophan, 2H3",6325963
201006_Smp_B_4LGV_T24,"L-Tryptophan, 2H3",6590941
201006_Smp_B_4LGV_T36,"L-Tryptophan, 2H3",5147571
201006_Smp_B_4LGV_T48,"L-Tryptophan, 2H3",5892145
201006_Smp_B_6HV_T0,"L-Tryptophan, 2H3",1313052
201006_Smp_B_6HV_T12,"L-Tryptophan, 2H3",6681526
201006_Smp_B_6HV_T24,"L-Tryptophan, 2H3",5893185
201006_Smp_B_6HV_T36,"L-Tryptophan, 2H3",5891718
201006_Smp_B_6HV_T48,"L-Tryptophan, 2H3",5278653
201006_Smp_C_1C_T0,"L-Tryptophan, 2H3",6886267
201006_Smp_C_1C_T12,"L-Tryptophan, 2H3",5005157
201006_Smp_C_1C_T18,"L-Tryptophan, 2H3",7332359
201006_Smp_C_1C_T24,"L-Tryptophan, 2H3",6349091
201006_Smp_C_1C_T30,"L-Tryptophan, 2H3",5505329
201006_Smp_C_1C_T36,"L-Tryptophan, 2H3",6471223
201006_Smp_C_1C_T42,"L-Tryptophan, 2H3",6876546
201006_Smp_C_1C_T48,"L-Tryptophan, 2H3",5512184
201006_Smp_C_1C_T6,"L-Tryptophan, 2H3",5842365
201006_Smp_C_3LV_T0,"L-Tryptophan, 2H3",6159342
201006_Smp_C_3LV_T12,"L-Tryptophan, 2H3",6473681
201006_Smp_C_3LV_T24,"L-Tryptophan, 2H3",5529536
201006_Smp_C_3LV_T36,"L-Tryptophan, 2H3",5504528
201006_Smp_C_3LV_T48,"L-Tryptophan, 2H3",5147539
201006_Smp_C_4LGV_T0,"L-Tryptophan, 2H3",6537698
201006_Smp_C_4LGV_T12,"L-Tryptophan, 2H3",6093916
201006_Smp_C_4LGV_T24,"L-Tryptophan, 2H3",5878987
201006_Smp_C_4LGV_T36,"L-Tryptophan, 2H3",5698714
201006_Smp_C_4LGV_T48,"L-Tryptophan, 2H3",6064316
201006_Smp_C_6HV_T0,"L-Tryptophan, 2H3",6355681
201006_Smp_C_6HV_T12,"L-Tryptophan, 2H3",6202405
201006_Smp_C_6HV_T24,"L-Tryptophan, 2H3",6288376
201006_Smp_C_6HV_T36,"L-Tryptophan, 2H3",3108962
201006_Smp_C_6HV_T48,"L-Tryptophan, 2H3",6690121
201006_Smp_DOM_blk_T0,"L-Tryptophan, 2H3",3881521
201006_Smp_DOM_blk_T48,"L-Tryptophan, 2H3",6032722
201006_Smp_E_2LG_T0,"L-Tryptophan, 2H3",5811630
201006_Smp_E_2LG_T24,"L-Tryptophan, 2H3",6826853
201006_Smp_E_2LG_T36,"L-Tryptophan, 2H3",5800183
201006_Smp_E_2LG_T48,"L-Tryptophan, 2H3",5886302
201006_Smp_E_3LG_T0,"L-Tryptophan, 2H3",6335806
201006_Smp_E_3LG_T24,"L-Tryptophan, 2H3",6124717
201006_Smp_E_3LG_T36,"L-Tryptophan, 2H3",5929943
201006_Smp_E_3LG_T48,"L-Tryptophan, 2H3",4770760
201006_Smp_E_4LG_T0,"L-Tryptophan, 2H3",5530440
201006_Smp_E_4LG_T24,"L-Tryptophan, 2H3",5421142
201006_Smp_E_4LG_T36,"L-Tryptophan, 2H3",5703419
201006_Smp_E_4LG_T48,"L-Tryptophan, 2H3",5921179
201006_Smp_E_8G_T48,"L-Tryptophan, 2H3",5926027
201006_Smp_Filter_blk_1,"L-Tryptophan, 2H3",7314363
201006_Smp_Filter_blk_2,"L-Tryptophan, 2H3",7240511
201006_Smp_Media_blk,"L-Tryptophan, 2H3",6292954
201006_Smp_B_1C_T0,"Pyridoxal, 2H3",75923352
201006_Smp_B_1C_T12,"Pyridoxal, 2H3",63437656
201006_Smp_B_1C_T18,"Pyridoxal, 2H3",75251352
201006_Smp_B_1C_T24,"Pyridoxal, 2H3",62313588
201006_Smp_B_1C_T30,"Pyridoxal, 2H3",60991612
201006_Smp_B_1C_T36,"Pyridoxal, 2H3",44110800
201006_Smp_B_1C_T42,"Pyridoxal, 2H3",70421272
201006_Smp_B_1C_T48,"Pyridoxal, 2H3",54973868
201006_Smp_B_1C_T6,"Pyridoxal, 2H3",65133188
201006_Smp_B_3LV_T0,"Pyridoxal, 2H3",79541664
201006_Smp_B_3LV_T12,"Pyridoxal, 2H3",56235996
201006_Smp_B_3LV_T24,"Pyridoxal, 2H3",64852984
201006_Smp_B_3LV_T36,"Pyridoxal, 2H3",38834596
201006_Smp_B_3LV_T48,"Pyridoxal, 2H3",58214248
201006_Smp_B_4LGV_T0,"Pyridoxal, 2H3",67135400
201006_Smp_B_4LGV_T12,"Pyridoxal, 2H3",60184896
201006_Smp_B_4LGV_T24,"Pyridoxal, 2H3",64579988
201006_Smp_B_4LGV_T36,"Pyridoxal, 2H3",54662164
201006_Smp_B_4LGV_T48,"Pyridoxal, 2H3",39582952
201006_Smp_B_6HV_T0,"Pyridoxal, 2H3",26392322
201006_Smp_B_6HV_T12,"Pyridoxal, 2H3",55246844
201006_Smp_B_6HV_T24,"Pyridoxal, 2H3",62929728
201006_Smp_B_6HV_T36,"Pyridoxal, 2H3",51108376
201006_Smp_B_6HV_T48,"Pyridoxal, 2H3",60481628
201006_Smp_C_1C_T0,"Pyridoxal, 2H3",70801256
201006_Smp_C_1C_T12,"Pyridoxal, 2H3",60965680
201006_Smp_C_1C_T18,"Pyridoxal, 2H3",72220392
201006_Smp_C_1C_T24,"Pyridoxal, 2H3",64557180
201006_Smp_C_1C_T30,"Pyridoxal, 2H3",68593408
201006_Smp_C_1C_T36,"Pyridoxal, 2H3",55601408
201006_Smp_C_1C_T42,"Pyridoxal, 2H3",66075496
201006_Smp_C_1C_T48,"Pyridoxal, 2H3",56155452
201006_Smp_C_1C_T6,"Pyridoxal, 2H3",61417228
201006_Smp_C_3LV_T0,"Pyridoxal, 2H3",63925336
201006_Smp_C_3LV_T12,"Pyridoxal, 2H3",72134408
201006_Smp_C_3LV_T24,"Pyridoxal, 2H3",59537624
201006_Smp_C_3LV_T36,"Pyridoxal, 2H3",53735916
201006_Smp_C_3LV_T48,"Pyridoxal, 2H3",31141902
201006_Smp_C_4LGV_T0,"Pyridoxal, 2H3",71731944
201006_Smp_C_4LGV_T12,"Pyridoxal, 2H3",71731328
201006_Smp_C_4LGV_T24,"Pyridoxal, 2H3",47262872
201006_Smp_C_4LGV_T36,"Pyridoxal, 2H3",27990312
201006_Smp_C_4LGV_T48,"Pyridoxal, 2H3",37003612
201006_Smp_C_6HV_T0,"Pyridoxal, 2H3",65824128
201006_Smp_C_6HV_T12,"Pyridoxal, 2H3",68336800
201006_Smp_C_6HV_T24,"Pyridoxal, 2H3",65208800
201006_Smp_C_6HV_T36,"Pyridoxal, 2H3",52135500
201006_Smp_C_6HV_T48,"Pyridoxal, 2H3",64776628
201006_Smp_DOM_blk_T0,"Pyridoxal, 2H3",50830500
201006_Smp_DOM_blk_T48,"Pyridoxal, 2H3",71523832
201006_Smp_E_2LG_T0,"Pyridoxal, 2H3",68536896
201006_Smp_E_2LG_T24,"Pyridoxal, 2H3",70862376
201006_Smp_E_2LG_T36,"Pyridoxal, 2H3",50281728
201006_Smp_E_2LG_T48,"Pyridoxal, 2H3",42971360
201006_Smp_E_3LG_T0,"Pyridoxal, 2H3",66840464
201006_Smp_E_3LG_T24,"Pyridoxal, 2H3",55424356
201006_Smp_E_3LG_T36,"Pyridoxal, 2H3",48580868
201006_Smp_E_3LG_T48,"Pyridoxal, 2H3",43783060
201006_Smp_E_4LG_T0,"Pyridoxal, 2H3",61566796
201006_Smp_E_4LG_T24,"Pyridoxal, 2H3",56339432
201006_Smp_E_4LG_T36,"Pyridoxal, 2H3",55083536
201006_Smp_E_4LG_T48,"Pyridoxal, 2H3",46066712
201006_Smp_E_8G_T48,"Pyridoxal, 2H3",65588336
201006_Smp_Filter_blk_1,"Pyridoxal, 2H3",78164600
201006_Smp_Filter_blk_2,"Pyridoxal, 2H3",76088736
201006_Smp_Media_blk,"Pyridoxal, 2H3",69988192
201006_Smp_B_1C_T0,"Vitamin B2, 13C4, 15N2",5167024
201006_Smp_B_1C_T12,"Vitamin B2, 13C4, 15N2",9998894
201006_Smp_B_1C_T18,"Vitamin B2, 13C4, 15N2",14895983
201006_Smp_B_1C_T24,"Vitamin B2, 13C4, 15N2",12349883
201006_Smp_B_1C_T30,"Vitamin B2, 13C4, 15N2",14755352
201006_Smp_B_1C_T36,"Vitamin B2, 13C4, 15N2",15920077
201006_Smp_B_1C_T42,"Vitamin B2, 13C4, 15N2",11795376
201006_Smp_B_1C_T48,"Vitamin B2, 13C4, 15N2",5523275
201006_Smp_B_1C_T6,"Vitamin B2, 13C4, 15N2",13041329
201006_Smp_B_3LV_T0,"Vitamin B2, 13C4, 15N2",5460371
201006_Smp_B_3LV_T12,"Vitamin B2, 13C4, 15N2",5004560
201006_Smp_B_3LV_T24,"Vitamin B2, 13C4, 15N2",10331969
201006_Smp_B_3LV_T36,"Vitamin B2, 13C4, 15N2",12037891
201006_Smp_B_3LV_T48,"Vitamin B2, 13C4, 15N2",11680777
201006_Smp_B_4LGV_T0,"Vitamin B2, 13C4, 15N2",11957426
201006_Smp_B_4LGV_T12,"Vitamin B2, 13C4, 15N2",4932046
201006_Smp_B_4LGV_T24,"Vitamin B2, 13C4, 15N2",7778845
201006_Smp_B_4LGV_T36,"Vitamin B2, 13C4, 15N2",9339484
201006_Smp_B_4LGV_T48,"Vitamin B2, 13C4, 15N2",8289317
201006_Smp_B_6HV_T0,"Vitamin B2, 13C4, 15N2",2753414
201006_Smp_B_6HV_T12,"Vitamin B2, 13C4, 15N2",10622068
201006_Smp_B_6HV_T24,"Vitamin B2, 13C4, 15N2",8382801
201006_Smp_B_6HV_T36,"Vitamin B2, 13C4, 15N2",10198324
201006_Smp_B_6HV_T48,"Vitamin B2, 13C4, 15N2",1250587
201006_Smp_C_1C_T0,"Vitamin B2, 13C4, 15N2",8107049
201006_Smp_C_1C_T12,"Vitamin B2, 13C4, 15N2",11179602
201006_Smp_C_1C_T18,"Vitamin B2, 13C4, 15N2",10277774
201006_Smp_C_1C_T24,"Vitamin B2, 13C4, 15N2",12866224
201006_Smp_C_1C_T30,"Vitamin B2, 13C4, 15N2",11878189
201006_Smp_C_1C_T36,"Vitamin B2, 13C4, 15N2",12906924
201006_Smp_C_1C_T42,"Vitamin B2, 13C4, 15N2",12423934
201006_Smp_C_1C_T48,"Vitamin B2, 13C4, 15N2",12744681
201006_Smp_C_1C_T6,"Vitamin B2, 13C4, 15N2",10578485
201006_Smp_C_3LV_T0,"Vitamin B2, 13C4, 15N2",11416161
201006_Smp_C_3LV_T12,"Vitamin B2, 13C4, 15N2",9955168
201006_Smp_C_3LV_T24,"Vitamin B2, 13C4, 15N2",11606868
201006_Smp_C_3LV_T36,"Vitamin B2, 13C4, 15N2",12445844
201006_Smp_C_3LV_T48,"Vitamin B2, 13C4, 15N2",4987547
201006_Smp_C_4LGV_T0,"Vitamin B2, 13C4, 15N2",11709310
201006_Smp_C_4LGV_T12,"Vitamin B2, 13C4, 15N2",10924185
201006_Smp_C_4LGV_T24,"Vitamin B2, 13C4, 15N2",10123948
201006_Smp_C_4LGV_T36,"Vitamin B2, 13C4, 15N2",8242602
201006_Smp_C_4LGV_T48,"Vitamin B2, 13C4, 15N2",11280416
201006_Smp_C_6HV_T0,"Vitamin B2, 13C4, 15N2",4000535
201006_Smp_C_6HV_T12,"Vitamin B2, 13C4, 15N2",4988739
201006_Smp_C_6HV_T24,"Vitamin B2, 13C4, 15N2",10252189
201006_Smp_C_6HV_T36,"Vitamin B2, 13C4, 15N2",3938755
201006_Smp_C_6HV_T48,"Vitamin B2, 13C4, 15N2",12615384
201006_Smp_DOM_blk_T0,"Vitamin B2, 13C4, 15N2",8263864
201006_Smp_DOM_blk_T48,"Vitamin B2, 13C4, 15N2",7724308
201006_Smp_E_2LG_T0,"Vitamin B2, 13C4, 15N2",6415583
201006_Smp_E_2LG_T24,"Vitamin B2, 13C4, 15N2",10092582
201006_Smp_E_2LG_T36,"Vitamin B2, 13C4, 15N2",12776481
201006_Smp_E_2LG_T48,"Vitamin B2, 13C4, 15N2",8993450
201006_Smp_E_3LG_T0,"Vitamin B2, 13C4, 15N2",11687429
201006_Smp_E_3LG_T24,"Vitamin B2, 13C4, 15N2",10396601
201006_Smp_E_3LG_T36,"Vitamin B2, 13C4, 15N2",8764461
201006_Smp_E_3LG_T48,"Vitamin B2, 13C4, 15N2",12122626
201006_Smp_E_4LG_T0,"Vitamin B2, 13C4, 15N2",10561317
201006_Smp_E_4LG_T24,"Vitamin B2, 13C4, 15N2",11127804
201006_Smp_E_4LG_T36,"Vitamin B2, 13C4, 15N2",9014874
201006_Smp_E_4LG_T48,"Vitamin B2, 13C4, 15N2",12907251
201006_Smp_E_8G_T48,"Vitamin B2, 13C4, 15N2",7715490
201006_Smp_Filter_blk_1,"Vitamin B2, 13C4, 15N2",10118684
201006_Smp_Filter_blk_2,"Vitamin B2, 13C4, 15N2",9910910
201006_Smp_Media_blk,"Vitamin B2, 13C4, 15N2",9440677
201006_Smp_B_1C_T0,"Thiamine, 13C3",5284611
201006_Smp_B_1C_T12,"Thiamine, 13C3",8608123
201006_Smp_B_1C_T18,"Thiamine, 13C3",9906425
201006_Smp_B_1C_T24,"Thiamine, 13C3",4451137
201006_Smp_B_1C_T30,"Thiamine, 13C3",4506822
201006_Smp_B_1C_T36,"Thiamine, 13C3",15808099
201006_Smp_B_1C_T42,"Thiamine, 13C3",12395439
201006_Smp_B_1C_T48,"Thiamine, 13C3",8564095
201006_Smp_B_1C_T6,"Thiamine, 13C3",11664769
201006_Smp_B_3LV_T0,"Thiamine, 13C3",7244209
201006_Smp_B_3LV_T12,"Thiamine, 13C3",1747974
201006_Smp_B_3LV_T24,"Thiamine, 13C3",5155433
201006_Smp_B_3LV_T36,"Thiamine, 13C3",13525565
201006_Smp_B_3LV_T48,"Thiamine, 13C3",3852330
201006_Smp_B_4LGV_T0,"Thiamine, 13C3",4872252
201006_Smp_B_4LGV_T12,"Thiamine, 13C3",3596166
201006_Smp_B_4LGV_T24,"Thiamine, 13C3",6780111
201006_Smp_B_4LGV_T36,"Thiamine, 13C3",5469772
201006_Smp_B_4LGV_T48,"Thiamine, 13C3",3622089
201006_Smp_B_6HV_T0,"Thiamine, 13C3",2267509
201006_Smp_B_6HV_T12,"Thiamine, 13C3",7547706
201006_Smp_B_6HV_T24,"Thiamine, 13C3",6851207
201006_Smp_B_6HV_T36,"Thiamine, 13C3",9035347
201006_Smp_B_6HV_T48,"Thiamine, 13C3",3738143
201006_Smp_C_1C_T0,"Thiamine, 13C3",6043917
201006_Smp_C_1C_T12,"Thiamine, 13C3",2370522
201006_Smp_C_1C_T18,"Thiamine, 13C3",7255090
201006_Smp_C_1C_T24,"Thiamine, 13C3",7169290
201006_Smp_C_1C_T30,"Thiamine, 13C3",5817869
201006_Smp_C_1C_T36,"Thiamine, 13C3",8968375
201006_Smp_C_1C_T42,"Thiamine, 13C3",14126417
201006_Smp_C_1C_T48,"Thiamine, 13C3",7176163
201006_Smp_C_1C_T6,"Thiamine, 13C3",6622590
201006_Smp_C_3LV_T0,"Thiamine, 13C3",7981442
201006_Smp_C_3LV_T12,"Thiamine, 13C3",3738141
201006_Smp_C_3LV_T24,"Thiamine, 13C3",7779446
201006_Smp_C_3LV_T36,"Thiamine, 13C3",6805936
201006_Smp_C_3LV_T48,"Thiamine, 13C3",3124001
201006_Smp_C_4LGV_T0,"Thiamine, 13C3",6894159
201006_Smp_C_4LGV_T12,"Thiamine, 13C3",4243403
201006_Smp_C_4LGV_T24,"Thiamine, 13C3",7731309
201006_Smp_C_4LGV_T36,"Thiamine, 13C3",4815008
201006_Smp_C_4LGV_T48,"Thiamine, 13C3",6259435
201006_Smp_C_6HV_T0,"Thiamine, 13C3",4878500
201006_Smp_C_6HV_T12,"Thiamine, 13C3",4488316
201006_Smp_C_6HV_T24,"Thiamine, 13C3",6048417
201006_Smp_C_6HV_T36,"Thiamine, 13C3",2812412
201006_Smp_C_6HV_T48,"Thiamine, 13C3",7298500
201006_Smp_DOM_blk_T0,"Thiamine, 13C3",2760445
201006_Smp_DOM_blk_T48,"Thiamine, 13C3",4795600
201006_Smp_E_2LG_T0,"Thiamine, 13C3",6930680
201006_Smp_E_2LG_T24,"Thiamine, 13C3",10746895
201006_Smp_E_2LG_T36,"Thiamine, 13C3",13224376
201006_Smp_E_2LG_T48,"Thiamine, 13C3",7155615
201006_Smp_E_3LG_T0,"Thiamine, 13C3",2784957
201006_Smp_E_3LG_T24,"Thiamine, 13C3",6393540
201006_Smp_E_3LG_T36,"Thiamine, 13C3",10057233
201006_Smp_E_3LG_T48,"Thiamine, 13C3",8497000
201006_Smp_E_4LG_T0,"Thiamine, 13C3",4859371
201006_Smp_E_4LG_T24,"Thiamine, 13C3",6913770
201006_Smp_E_4LG_T36,"Thiamine, 13C3",9501277
201006_Smp_E_4LG_T48,"Thiamine, 13C3",10400193
201006_Smp_E_8G_T48,"Thiamine, 13C3",2599259
201006_Smp_Filter_blk_1,"Thiamine, 13C3",10306113
201006_Smp_Filter_blk_2,"Thiamine, 13C3",10338132
201006_Smp_Media_blk,"Thiamine, 13C3",3531387
201006_Smp_B_1C_T0,"Tryptamine, 2H4",159634624
201006_Smp_B_1C_T12,"Tryptamine, 2H4",101020576
201006_Smp_B_1C_T18,"Tryptamine, 2H4",173074864
201006_Smp_B_1C_T24,"Tryptamine, 2H4",97952440
201006_Smp_B_1C_T30,"Tryptamine, 2H4",96626976
201006_Smp_B_1C_T36,"Tryptamine, 2H4",195321744
201006_Smp_B_1C_T42,"Tryptamine, 2H4",154392560
201006_Smp_B_1C_T48,"Tryptamine, 2H4",144984320
201006_Smp_B_1C_T6,"Tryptamine, 2H4",181847952
201006_Smp_B_3LV_T0,"Tryptamine, 2H4",127036312
201006_Smp_B_3LV_T12,"Tryptamine, 2H4",56632524
201006_Smp_B_3LV_T24,"Tryptamine, 2H4",102573056
201006_Smp_B_3LV_T36,"Tryptamine, 2H4",88674344
201006_Smp_B_3LV_T48,"Tryptamine, 2H4",53496196
201006_Smp_B_4LGV_T0,"Tryptamine, 2H4",145942592
201006_Smp_B_4LGV_T12,"Tryptamine, 2H4",62686632
201006_Smp_B_4LGV_T24,"Tryptamine, 2H4",143050112
201006_Smp_B_4LGV_T36,"Tryptamine, 2H4",38010492
201006_Smp_B_4LGV_T48,"Tryptamine, 2H4",99965232
201006_Smp_B_6HV_T0,"Tryptamine, 2H4",59813496
201006_Smp_B_6HV_T12,"Tryptamine, 2H4",63650728
201006_Smp_B_6HV_T24,"Tryptamine, 2H4",121470984
201006_Smp_B_6HV_T36,"Tryptamine, 2H4",134958448
201006_Smp_B_6HV_T48,"Tryptamine, 2H4",30319304
201006_Smp_C_1C_T0,"Tryptamine, 2H4",131041072
201006_Smp_C_1C_T12,"Tryptamine, 2H4",42682636
201006_Smp_C_1C_T18,"Tryptamine, 2H4",143756992
201006_Smp_C_1C_T24,"Tryptamine, 2H4",116924048
201006_Smp_C_1C_T30,"Tryptamine, 2H4",36023824
201006_Smp_C_1C_T36,"Tryptamine, 2H4",139009216
201006_Smp_C_1C_T42,"Tryptamine, 2H4",181128880
201006_Smp_C_1C_T48,"Tryptamine, 2H4",33331602
201006_Smp_C_1C_T6,"Tryptamine, 2H4",161324448
201006_Smp_C_3LV_T0,"Tryptamine, 2H4",81248704
201006_Smp_C_3LV_T12,"Tryptamine, 2H4",21600462
201006_Smp_C_3LV_T24,"Tryptamine, 2H4",38660436
201006_Smp_C_3LV_T36,"Tryptamine, 2H4",131983696
201006_Smp_C_3LV_T48,"Tryptamine, 2H4",125136368
201006_Smp_C_4LGV_T0,"Tryptamine, 2H4",143486880
201006_Smp_C_4LGV_T12,"Tryptamine, 2H4",55365804
201006_Smp_C_4LGV_T24,"Tryptamine, 2H4",192156240
201006_Smp_C_4LGV_T36,"Tryptamine, 2H4",67779016
201006_Smp_C_4LGV_T48,"Tryptamine, 2H4",149024800
201006_Smp_C_6HV_T0,"Tryptamine, 2H4",141403840
201006_Smp_C_6HV_T12,"Tryptamine, 2H4",106525832
201006_Smp_C_6HV_T24,"Tryptamine, 2H4",78258472
201006_Smp_C_6HV_T36,"Tryptamine, 2H4",63016396
201006_Smp_C_6HV_T48,"Tryptamine, 2H4",76661024
201006_Smp_DOM_blk_T0,"Tryptamine, 2H4",55677184
201006_Smp_DOM_blk_T48,"Tryptamine, 2H4",207333584
201006_Smp_E_2LG_T0,"Tryptamine, 2H4",103358720
201006_Smp_E_2LG_T24,"Tryptamine, 2H4",86891320
201006_Smp_E_2LG_T36,"Tryptamine, 2H4",144155472
201006_Smp_E_2LG_T48,"Tryptamine, 2H4",134416784
201006_Smp_E_3LG_T0,"Tryptamine, 2H4",92707800
201006_Smp_E_3LG_T24,"Tryptamine, 2H4",138454560
201006_Smp_E_3LG_T36,"Tryptamine, 2H4",154562912
201006_Smp_E_3LG_T48,"Tryptamine, 2H4",52099400
201006_Smp_E_4LG_T0,"Tryptamine, 2H4",90974408
201006_Smp_E_4LG_T24,"Tryptamine, 2H4",162392816
201006_Smp_E_4LG_T36,"Tryptamine, 2H4",161419088
201006_Smp_E_4LG_T48,"Tryptamine, 2H4",187593456
201006_Smp_E_8G_T48,"Tryptamine, 2H4",95987352
201006_Smp_Filter_blk_1,"Tryptamine, 2H4",120456408
201006_Smp_Filter_blk_2,"Tryptamine, 2H4",125250632
201006_Smp_Media_blk,"Tryptamine, 2H4",96974840
